--
--		File: populate.sql
--		Authors:
--		        - Gonçalo Bárias (ist1103124)
--		        - Raquel Braunschweig (ist1102624)
--              - Vasco Paisana (ist1102533)
--		Group: 2
--		Description: DML that populates the tables with synthetic test data.

---------------------
-- Customer
---------------------
INSERT INTO customer
VALUES
(1111, 'Joaquim Souza', 'joaquim.souza@gmail.com', '91294337', 'Rua das Flores 45 6300-250 Guarda'),
(1112, 'Jane Doe', 'jane.doe@hotmail.com', '12345678', 'Largo da Felicidade 50 8000-001 Faro'),
(1113, 'Hans Joanssen', 'hans_joanssen@gmail.com', '90695443', 'Rua da Harmonia 60 3810-001 Aveiro'),
(1114, 'Julia Teixeira', 'julia.teixeira@gmail.com', '956254228', 'Rua Alves Redol 106 1000-001 Lisboa'),
(1115, 'Rui Pereira', 'rui.pereira@sapo.pt', '88899438', 'Rua do Sol 157 1000-002 Lisboa'),
(1116, 'Siobhan Santos', 'siobhan.santos@gmail.com', '988899438', 'Rua do Ouro 36 1000-003 Lisboa'),
(1117, 'Victor Alejandro', 'victor.alejandro@gmail.com', '988899438', 'Praça das Estrelas 80 3500-001 Viseu'),
(1118, 'João Silva', 'joao.silva@gmail.com', '78899438', 'Travessa da Amizade 21 4000-001 Porto'),
(1119, 'Dinis Matos', 'dinis.matos@gmail.com', '988899438', 'Avenida Central 122 4700-001 Braga'),
(1120, 'Sophie Turner', 'sophie.turner@gmail.com', '77123456', 'Travessa dos Poetas 90 2400-001 Leiria'),
(1121, 'Isabella Rossi', 'isabella.rossi@hotmail.com', '88456732', 'Largo dos Amores 120 5000-001 Vila Real'),
(1122, 'Alexander Petrov', 'alexander.petrov@gmail.com', '77994362', 'Rua dos Sonhos 130 2000-001 Santarém'),
(1123, 'Michael Johnson', 'michael.johnson@gmail.com', '67324561', 'Praça da Saudade 140 3000-001 Coimbra'),
(1124, 'Raphael Costa', 'raphael.costa@gmail.com', '98988776', 'Praça da Paz 140 6000-001 Castelo Branco'),
(1125, 'Maria Santos', 'maria.santos@gmail.com', '99004433', 'Rua das Oliveiras 56 4000-002 Porto'),
(1126, 'Luisa Fernandez', 'luisa.fernandez@gmail.com', '89564213', 'Rua dos Girassóis 10 1000-004 Lisboa'),
(1127, 'Andreas Müller', 'andreas.mueller@yahoo.com', '99029381', 'Avenida dos Sonhos 20 2000-002 Santarém'),
(1128, 'Liam Murphy', 'liam.murphy@yahoo.com', '55667788', 'Travessa das Rosas 40 4000-003 Porto'),
(1129, 'Emma Wong', 'emma.wong@hotmail.com', '66238899', 'Rua das Violetas 160 7300-001 Portalegre'),
(1130, 'Yaya Santos', 'yaya.santos@gmail.com', '11223344', 'Rua das Margaridas 30 2900-001 Setúbal'),
(1131, 'Peter Schneider', 'peter.schneider@yahoo.com', '99887766', 'Avenida das Oliveiras 50 8000-002 Faro'),
(1132, 'Sophie Dupont', 'sophie.dupont@gmail.com', '55443322', 'Travessa das Azaleias 70 7000-001 Évora'),
(1133, 'Giovanni Rossi', 'giovanni.rossi@hotmail.com', '77665544', 'Rua dos Cravos 80 3500-002 Viseu'),
(1134, 'Anna Andersen', 'anna.andersen@yahoo.com', '33221100', 'Avenida das Hortênsias 90 3000-003 Coimbra'),
(1135, 'Pablo López', 'pablo.lopez@gmail.com', '88990011', 'Travessa das Orquídeas 100 4800-001 Guimarães'),
(1136, 'Isabella Silva', 'isabella.silva@hotmail.com', '00112233', 'Rua dos Lírios 120 7000-002 Évora'),
(1137, 'Maxime Leroy', 'maxime.leroy@yahoo.com', '44556677', 'Avenida das Tulipas 140 2900-002 Setúbal'),
(1138, 'Olivia Smith', 'olivia.smith@gmail.com', '66778899', 'Travessa das Camélias 160 8000-003 Faro'),
(1139, 'Luca Ferrari', 'luca.ferrari@yahoo.com', '88997766', 'Rua das Papoilas 180 7000-003 Évora');

---------------------
-- Employee
---------------------
INSERT INTO employee
VALUES
('123456789', '987654321', '1980/05/10', 'Antonio Silva'),
('234567890', '876543210', '1985/03/15', 'Marta Pereira'),
('345678901', '765432109', '1992/08/22', 'Pedro Santos'),
('456789012', '654321098', '1990/11/01', 'Sofia Costa'),
('567890123', '543210987', '1987/09/18', 'Tiago Rodrigues'),
('678901234', '432109876', '1989/07/06', 'Ana Oliveira'),
('789012345', '321098765', '1983/12/03', 'Ricardo Sousa'),
('890123456', '210087654', '1986/04/28', 'Carla Fernandes'),
('901234567', '109878543', '1993/02/14', 'Hugo Matos'),
('012345678', '098765432', '1984/06/07', 'Ines Ferreira'),
('210987654', '887766554', '1981/09/30', 'Joao Santos'),
('109876543', '998877665', '1988/11/26', 'Luis Pereira');

---------------------
-- Department
---------------------
INSERT INTO department
VALUES
('Sales'),
('Marketing'),
('Human Resources'),
('Finance'),
('Research and Development'),
('Operations'),
('Customer Service'),
('IT'),
('Procurement'),
('Accountant'),
('Quality Assurance');

BEGIN TRANSACTION;

---------------------
-- Workplace
---------------------
INSERT INTO workplace
VALUES
('Rua das Oliveiras 123 4700-100 Braga', 41.554792, -8.410972),
('Rua da Boa Sorte 123 4765-770 Guimaraes', 41.594792, -8.417472),
('Avenida dos Pinheiros 456 4780-200 Trofa', 41.333242, -8.570115),
('Estrada da Maia 789 4470-110 Maia', 41.236560, -8.633450),
('Rua das Flores 987 4425-010 Gondomar', 41.147832, -8.550700),
('Avenida dos Carvalhos 321 4760-150 Vila Nova de Famalicão', 41.420987, -8.533674);

---------------------
-- Office
---------------------
INSERT INTO office
VALUES
('Rua das Oliveiras 123 4700-100 Braga'),
('Rua da Boa Sorte 123 4765-770 Guimaraes');

---------------------
-- Warehouse
---------------------
INSERT INTO warehouse
VALUES
('Avenida dos Pinheiros 456 4780-200 Trofa'),
('Estrada da Maia 789 4470-110 Maia'),
('Rua das Flores 987 4425-010 Gondomar'),
('Avenida dos Carvalhos 321 4760-150 Vila Nova de Famalicão');

END TRANSACTION;

---------------------
-- Works
---------------------
INSERT INTO works
VALUES
('123456789', 'Sales', 'Rua das Oliveiras 123 4700-100 Braga'),
('234567890', 'Operations', 'Avenida dos Pinheiros 456 4780-200 Trofa'),
('345678901', 'Operations', 'Estrada da Maia 789 4470-110 Maia'),
('456789012', 'Operations', 'Rua das Flores 987 4425-010 Gondomar'),
('567890123', 'Finance', 'Avenida dos Carvalhos 321 4760-150 Vila Nova de Famalicão'),
('678901234', 'Customer Service', 'Rua das Oliveiras 123 4700-100 Braga'),
('789012345', 'Marketing', 'Avenida dos Pinheiros 456 4780-200 Trofa'),
('890123456', 'Operations', 'Estrada da Maia 789 4470-110 Maia'),
('901234567', 'Operations', 'Rua das Flores 987 4425-010 Gondomar'),
('012345678', 'Sales', 'Avenida dos Carvalhos 321 4760-150 Vila Nova de Famalicão'),
('012345678', 'Accountant', 'Rua da Boa Sorte 123 4765-770 Guimaraes'),
('210987654', 'Finance', 'Rua das Oliveiras 123 4700-100 Braga'),
('109876543', 'Operations', 'Avenida dos Pinheiros 456 4780-200 Trofa');

---------------------
-- Product
---------------------
INSERT INTO product(SKU, name, description, price)
VALUES
('E5F6G7H8', 'Laptop', 'Ultra-thin and lightweight laptop for productivity', 999.99),
('M3N4O5P6', 'Smart Watch', 'Elegant smartwatch with fitness tracking capabilities', 199.99),
('C9D0E1F2', 'Gaming Mouse', 'Precision gaming mouse with customizable settings', 69.99),
('G3H4I5J6', 'Smart TV', 'Ultra-HD smart TV with built-in streaming apps', 799.99),
('P1Q2R3S4', 'Wireless Keyboard', 'Slim and ergonomic wireless keyboard', 89.99),
('B3C4D5E6', 'Printers', 'Fast and reliable printers for home or office use', 129.99),
('A1B2C3D4', 'Smartphone', 'Powerful smartphone with advanced features', 599.99),
('I9J0K1L2', 'Headphones', 'High-quality headphones for immersive audio experience', 149.99),
('Q7R8S9T0', 'Bluetooth Speaker', 'Portable speaker with wireless connectivity', 79.99),
('F7G8H9I0', 'Gaming Chair', 'A comfortable chair to sit on while gaming', 2001.99),
('U1U2W3X4', 'Watch', 'Stylish analog watch with leather strap', 49.99),
('Y5Z6A7B4', 'Sports Shoes', 'Durable and comfortable sports shoes for running', 39.99),
('C5D6E7F8', 'Cookware Set', 'High-quality stainless steel cookware set', 39.99),
('G2H3I4J5', 'Digital Camera', 'Compact digital camera with high-resolution sensor', 299.99),
('U1V2W3X4', 'Travel Backpack', 'Durable backpack with multiple compartments for convenient travel', 49.99),
('Y5Z6A7B1', 'Gourmet Coffee Set', 'Assortment of premium coffee beans from around the world', 129.99),
('C1D2E3F4', 'Yoga Mat', 'High-quality non-slip yoga mat for comfortable and stable practice', 39.99),
('G5H6I7J8', 'Cookware Set', 'Complete set of non-stick pots and pans for versatile cooking', 29.99),
('K9L0M1N2', 'Fragrance Sampler', 'Collection of popular perfumes and colognes for sampling', 59.99),
('O3P4Q5R6', 'Indoor Plant Set', 'Assortment of low-maintenance indoor plants to liven up your space', 99.99),
('S7T8U9V0', 'Art Supplies Kit', 'Comprehensive set of art materials for creative expression and crafting', 149.99),
('A1B2C3D6', 'Fitness Exercise Ball', 'High-quality exercise ball for core strengthening and balance training', 34.99),
('E5F6G7H7', 'Gourmet Chocolate Box', 'Deluxe assortment of premium chocolates from renowned chocolatiers', 79.99),
('I9J0K1L6', 'Travel Luggage Set', 'Stylish and durable luggage set for all your travel needs', 179.99);

---------------------
-- EAN Product
---------------------
INSERT INTO product
VALUES
('U1V2W3G4', 'Wireless Earbuds', 'True wireless earbuds with noise cancellation', 129.99, '6789012345678'),
('J5K6L7M8', 'Wireless Earbuds', 'Long battery standing brand new wireless earbuds', 109.99, '0706092335134'),
('Y5Z6A7B8', 'Tablet', 'Versatile tablet for work and entertainment', 299.99, '7890123456789'),
('K7L8M9N0', 'Fitness Tracker', 'Activity tracker for monitoring health and fitness', 49.99, '0123456789012'),
('T5U6V7W8', 'Camera', 'High-resolution camera for capturing memorable moments', 399.99, '2345678901234'),
('X9Y0Z1A2', 'External Hard Drive', 'Portable storage device with large capacity', 149.99, '3456789012345'),
('K6L7M8N9', 'Yoga Mat', 'Eco-friendly and non-slip yoga mat', 29.99, '9780735619678'),
('M3N4O5Y6', 'Essential Oil Diffuser', 'Aromatherapy diffuser with soothing LED lights for a relaxing ambiance', 49.99, '8712345600029'),
('Q7R6S9T0', 'Gardening Tool Set', 'Complete set of essential tools for gardening and landscaping', 39.99, '4265432100036'),
('U172W3X4', 'Wireless Charging Pad', 'Sleek wireless charging pad compatible with Qi-enabled devices', 29.99, '9356789000045'),
('Y5Z6A7B6', 'Cookbook Collection', 'Collection of bestselling cookbooks featuring diverse cuisines and recipes', 69.99, '3689012345006');

BEGIN TRANSACTION;

---------------------
-- Orders
---------------------
INSERT INTO orders
VALUES
(764903, 1112, '2023/05/22'),
(892541, 1113, '2015/08/27'),
(631085, 1117, '2023/03/11'),
(219346, 1119, '2016/02/14'),
(845672, 1118, '2023/01/05'),
(587341, 1116, '2023/06/30'),
(943815, 1114, '2023/07/22'),
(356790, 1115, '2022/04/17'),
(498217, 1111, '2023/09/14'),
(127503, 1113, '2019/09/06'),
(708291, 1112, '2023/01/07'),
(905213, 1111, '2021/04/08'),
(763459, 1114, '2021/10/20'),
(534672, 1119, '2023/12/31'),
(436127, 1116, '2022/09/02'),
(794516, 1113, '2018/09/19'),
(128457, 1117, '2023/04/18'),
(725943, 1120, '2020/08/21'),
(309871, 1121, '2022/12/31'),
(516420, 1122, '2017/11/07'),
(598317, 1129, '2023/02/01'),
(972638, 1115, '2023/01/05'),
(834176, 1123, '2019/10/11'),
(461582, 1124, '2021/12/08'),
(305972, 1128, '2023/07/22'),
(187359, 1125, '2021/10/20'),
(592813, 1126, '2022/03/15'),
(190247, 1112, '2022/10/26'),
(400610, 1114, '2022/08/23'),
(397059, 1137, '2022/09/13'),
(446310, 1136, '2022/03/27'),
(461227, 1136, '2022/07/19'),
(953510, 1135, '2022/08/14'),
(832788, 1129, '2022/06/23'),
(310021, 1124, '2022/09/21'),
(623709, 1132, '2022/04/02'),
(944959, 1127, '2022/04/03'),
(430527, 1130, '2022/03/03'),
(343980, 1134, '2022/03/19'),
(320796, 1113, '2022/04/08'),
(933050, 1115, '2022/03/17'),
(250671, 1125, '2022/05/26'),
(340424, 1122, '2022/10/18'),
(358079, 1114, '2022/01/23'),
(226177, 1126, '2022/12/22'),
(683857, 1126, '2022/01/20'),
(150676, 1123, '2022/01/28'),
(455515, 1127, '2022/02/16'),
(796872, 1122, '2022/10/05'),
(860264, 1123, '2022/08/02'),
(219087, 1114, '2022/02/14'),
(558234, 1118, '2022/05/07'),
(502328, 1114, '2022/10/16'),
(168130, 1113, '2022/02/12'),
(757417, 1127, '2022/01/06'),
(453427, 1122, '2022/09/25'),
(203610, 1121, '2022/11/11'),
(856898, 1122, '2022/01/14'),
(868519, 1118, '2022/11/01'),
(931632, 1123, '2022/12/05'),
(322123, 1126, '2022/11/08'),
(953062, 1112, '2022/09/25'),
(382223, 1115, '2022/09/19'),
(297699, 1136, '2022/02/03'),
(505633, 1122, '2022/07/25'),
(954747, 1121, '2022/12/27'),
(279753, 1133, '2022/03/01'),
(291474, 1128, '2022/03/08'),
(864845, 1115, '2022/08/16'),
(521887, 1135, '2022/10/09'),
(383593, 1123, '2022/09/01'),
(596432, 1132, '2022/07/15'),
(388842, 1123, '2022/05/12'),
(722296, 1137, '2022/09/24'),
(972952, 1133, '2022/02/11'),
(325169, 1130, '2022/06/25'),
(110844, 1117, '2022/09/08'),
(228765, 1131, '2022/06/10'),
(184980, 1135, '2022/12/09'),
(424531, 1117, '2022/06/17'),
(448257, 1123, '2022/06/04'),
(342641, 1117, '2022/08/01'),
(720621, 1124, '2022/12/19'),
(353441, 1112, '2022/10/10'),
(290689, 1117, '2022/07/05'),
(317590, 1114, '2022/03/04'),
(289528, 1129, '2022/07/07'),
(533157, 1119, '2022/12/21'),
(548978, 1119, '2022/03/09'),
(272893, 1122, '2022/12/06'),
(959448, 1117, '2022/05/04'),
(326160, 1128, '2022/02/21'),
(788357, 1123, '2022/09/10'),
(247008, 1113, '2022/04/08'),
(435267, 1112, '2022/01/06'),
(117994, 1124, '2022/08/01'),
(861412, 1119, '2022/04/19'),
(464662, 1134, '2022/10/20'),
(607128, 1122, '2022/10/23'),
(905840, 1113, '2022/04/18'),
(644307, 1116, '2022/09/10'),
(422204, 1124, '2022/06/03'),
(617824, 1116, '2022/01/05'),
(217764, 1128, '2022/02/02'),
(762311, 1123, '2022/03/05'),
(275227, 1139, '2022/12/25'),
(270608, 1125, '2022/02/18'),
(848911, 1137, '2022/08/25'),
(112499, 1139, '2022/06/10'),
(828940, 1116, '2022/10/21'),
(717403, 1122, '2022/11/10'),
(616109, 1128, '2022/02/04'),
(113166, 1112, '2022/01/02'),
(853738, 1125, '2022/04/23'),
(425096, 1118, '2022/06/27'),
(170232, 1119, '2022/10/27'),
(652240, 1137, '2022/01/07'),
(320876, 1138, '2022/04/26'),
(131440, 1132, '2022/08/04'),
(541478, 1137, '2022/08/18'),
(176004, 1119, '2022/05/25'),
(741362, 1127, '2022/01/06'),
(438761, 1136, '2022/11/17'),
(595932, 1121, '2022/03/06'),
(813792, 1137, '2022/12/10'),
(442199, 1111, '2022/03/03'),
(322441, 1125, '2022/09/17'),
(418573, 1127, '2022/06/22'),
(728069, 1131, '2022/12/23'),
(522455, 1121, '2022/01/19'),
(195178, 1117, '2022/02/05'),
(396052, 1123, '2022/05/07'),
(537731, 1130, '2022/06/18'),
(441084, 1111, '2022/04/26'),
(498678, 1129, '2022/08/07'),
(315997, 1123, '2022/04/12'),
(566019, 1124, '2022/12/06'),
(886215, 1128, '2022/07/25'),
(494803, 1131, '2022/09/10'),
(218034, 1116, '2022/08/10'),
(600230, 1116, '2022/08/27'),
(388609, 1123, '2022/11/01'),
(631831, 1128, '2022/08/07'),
(834918, 1115, '2022/03/26'),
(768336, 1123, '2022/09/18'),
(786108, 1114, '2022/07/14'),
(285884, 1122, '2022/10/18'),
(875405, 1118, '2022/03/18'),
(433326, 1130, '2022/02/22'),
(861485, 1127, '2022/12/22'),
(931795, 1128, '2022/10/24'),
(191055, 1113, '2022/02/06'),
(934121, 1132, '2022/07/23'),
(314748, 1125, '2022/12/06'),
(646208, 1120, '2022/02/25'),
(981184, 1134, '2022/02/16'),
(417639, 1117, '2022/05/02'),
(437309, 1117, '2022/07/15'),
(997967, 1131, '2022/06/25'),
(917511, 1127, '2022/12/14'),
(616147, 1122, '2022/09/01'),
(424649, 1136, '2022/07/15'),
(780284, 1116, '2022/11/20'),
(847738, 1122, '2022/05/17'),
(504823, 1114, '2022/05/14'),
(981189, 1130, '2022/03/05'),
(710114, 1137, '2022/06/19'),
(237211, 1126, '2022/04/28'),
(200544, 1136, '2022/04/19'),
(658174, 1137, '2022/03/17'),
(577442, 1120, '2022/11/05'),
(886441, 1125, '2022/05/02'),
(156078, 1136, '2022/12/21'),
(842394, 1114, '2022/06/14'),
(808431, 1119, '2022/04/18'),
(261492, 1122, '2022/07/12'),
(475620, 1120, '2022/05/21'),
(771144, 1111, '2022/02/08'),
(808665, 1139, '2022/04/17'),
(976094, 1137, '2022/03/04'),
(409268, 1132, '2022/10/05'),
(257698, 1137, '2022/01/21'),
(823476, 1121, '2022/09/03'),
(139376, 1121, '2022/10/03'),
(292080, 1112, '2022/01/11'),
(776024, 1135, '2022/08/28'),
(615060, 1114, '2022/11/22'),
(146145, 1127, '2022/03/17'),
(569767, 1137, '2022/02/06'),
(493167, 1123, '2022/01/23'),
(292492, 1136, '2022/08/05'),
(247013, 1120, '2022/03/19'),
(174316, 1130, '2022/11/18'),
(123431, 1119, '2022/09/25'),
(257437, 1134, '2022/06/01'),
(360194, 1116, '2022/04/14'),
(890768, 1138, '2022/06/05'),
(385453, 1132, '2022/04/24'),
(551504, 1111, '2022/03/10'),
(568910, 1117, '2022/01/27'),
(897847, 1114, '2022/11/22'),
(228701, 1112, '2022/02/18'),
(181461, 1138, '2022/07/13'),
(737708, 1116, '2022/12/05'),
(865055, 1119, '2022/07/06'),
(188530, 1126, '2022/12/04'),
(723296, 1138, '2022/10/12'),
(708464, 1112, '2022/09/02'),
(286717, 1131, '2022/05/19'),
(104584, 1132, '2022/05/10'),
(766679, 1121, '2022/06/06'),
(720255, 1115, '2022/01/04'),
(420490, 1111, '2022/01/26'),
(578283, 1119, '2022/05/13'),
(225572, 1118, '2022/11/12'),
(109303, 1120, '2022/11/08'),
(791857, 1129, '2022/11/01'),
(768200, 1128, '2022/07/16'),
(752359, 1119, '2022/10/24'),
(443255, 1126, '2022/04/18'),
(704277, 1134, '2022/05/02'),
(658639, 1127, '2022/10/04'),
(945683, 1136, '2022/11/27'),
(209613, 1125, '2022/02/21'),
(222888, 1138, '2022/07/10'),
(289996, 1128, '2022/04/09'),
(251227, 1132, '2022/10/09'),
(489971, 1121, '2022/01/26'),
(188285, 1123, '2022/05/13'),
(343458, 1112, '2022/09/25'),
(697291, 1115, '2022/11/14'),
(762364, 1130, '2022/05/06'),
(119633, 1132, '2022/02/01'),
(469677, 1129, '2022/12/12'),
(767607, 1120, '2022/11/10'),
(571900, 1125, '2022/02/11'),
(634344, 1134, '2022/04/27'),
(335562, 1138, '2022/07/16'),
(139505, 1117, '2022/04/21'),
(775018, 1111, '2022/04/01'),
(247347, 1136, '2022/07/04'),
(445723, 1139, '2022/08/18'),
(851996, 1138, '2022/09/04'),
(260759, 1125, '2022/09/05'),
(750590, 1123, '2022/01/25'),
(742985, 1111, '2022/09/26'),
(414117, 1116, '2022/12/23'),
(551960, 1129, '2022/07/02'),
(955068, 1128, '2022/11/19'),
(716667, 1124, '2022/01/21'),
(766611, 1122, '2022/02/02'),
(866832, 1126, '2022/10/04'),
(394877, 1127, '2022/10/08'),
(476022, 1129, '2022/03/11'),
(957194, 1116, '2022/02/19'),
(339910, 1134, '2022/01/03'),
(969744, 1129, '2022/08/25'),
(240065, 1136, '2022/02/06'),
(503538, 1113, '2022/01/04'),
(277690, 1116, '2022/10/26'),
(823028, 1111, '2022/08/24'),
(875356, 1127, '2022/12/19'),
(847744, 1125, '2022/11/23'),
(860657, 1115, '2022/01/05'),
(485730, 1130, '2022/01/03'),
(447307, 1121, '2022/12/26'),
(837406, 1129, '2022/06/24'),
(767629, 1118, '2022/03/23'),
(443273, 1136, '2022/03/24'),
(169582, 1131, '2022/02/17'),
(787581, 1121, '2022/04/04'),
(181665, 1127, '2022/09/05'),
(420050, 1125, '2022/01/11'),
(961863, 1132, '2022/02/04'),
(458847, 1128, '2022/10/01'),
(909006, 1134, '2022/12/13'),
(658932, 1114, '2022/04/18'),
(578289, 1117, '2022/06/07'),
(526173, 1130, '2022/01/09'),
(974795, 1125, '2022/06/01'),
(330352, 1136, '2022/11/28'),
(521923, 1133, '2022/03/19'),
(268914, 1111, '2022/01/09'),
(452329, 1112, '2022/06/15'),
(696652, 1117, '2022/07/23'),
(656704, 1134, '2022/05/01'),
(319062, 1139, '2022/04/16'),
(341760, 1133, '2022/01/02'),
(252293, 1137, '2022/01/23'),
(333514, 1111, '2022/10/19'),
(406028, 1114, '2022/09/07'),
(930246, 1132, '2022/08/21'),
(729963, 1135, '2022/04/21'),
(715959, 1126, '2022/12/05'),
(943237, 1112, '2022/08/21'),
(958049, 1128, '2022/08/06'),
(467217, 1135, '2022/04/10'),
(371271, 1121, '2022/11/17'),
(266737, 1132, '2022/06/13'),
(549639, 1123, '2022/01/20'),
(285874, 1115, '2022/09/06'),
(244578, 1134, '2022/08/25'),
(335368, 1112, '2022/05/05'),
(564375, 1130, '2022/07/07'),
(550355, 1115, '2022/06/17'),
(382685, 1132, '2022/02/23'),
(849576, 1133, '2022/09/02'),
(521368, 1120, '2022/05/11'),
(134450, 1118, '2022/01/15'),
(981790, 1131, '2022/06/14'),
(816145, 1139, '2022/12/21'),
(914211, 1129, '2022/08/19'),
(839392, 1131, '2022/01/26'),
(373367, 1121, '2022/02/13'),
(237830, 1113, '2022/09/16'),
(345512, 1131, '2022/08/18'),
(492462, 1128, '2022/11/13'),
(917918, 1131, '2022/01/22'),
(431636, 1125, '2022/02/14'),
(352756, 1136, '2022/08/25'),
(726629, 1127, '2022/02/20'),
(710834, 1129, '2022/12/16'),
(738591, 1132, '2022/05/27'),
(741957, 1129, '2022/07/24'),
(214769, 1123, '2022/10/06'),
(377845, 1135, '2022/05/15'),
(656464, 1135, '2022/03/07'),
(640940, 1117, '2022/08/23'),
(154692, 1139, '2022/06/05'),
(331585, 1127, '2022/07/17'),
(203632, 1131, '2022/04/14'),
(457559, 1126, '2022/09/07'),
(247418, 1127, '2022/07/02'),
(189768, 1126, '2022/09/06'),
(538065, 1135, '2022/07/20'),
(649642, 1113, '2022/10/11'),
(897268, 1126, '2022/07/15'),
(289343, 1134, '2022/08/01'),
(224779, 1126, '2022/09/14'),
(951359, 1127, '2022/11/02'),
(596726, 1116, '2022/02/28'),
(697694, 1121, '2022/11/18'),
(835275, 1132, '2022/02/07'),
(813356, 1133, '2022/10/05'),
(882671, 1132, '2022/09/18'),
(187218, 1130, '2022/05/05'),
(381014, 1119, '2022/12/26'),
(728196, 1130, '2022/06/20'),
(306290, 1111, '2022/08/15'),
(515156, 1120, '2022/01/16'),
(185891, 1136, '2022/12/14'),
(856000, 1128, '2022/07/24'),
(534104, 1139, '2022/12/04'),
(459403, 1130, '2022/10/28'),
(598634, 1121, '2022/06/02'),
(731803, 1126, '2022/08/17'),
(145122, 1132, '2022/10/02'),
(613605, 1127, '2022/03/01'),
(376555, 1135, '2022/04/04'),
(294993, 1129, '2022/07/17'),
(615634, 1126, '2022/09/05'),
(298193, 1137, '2022/08/15'),
(331547, 1130, '2022/08/18'),
(467425, 1122, '2022/03/10'),
(223780, 1113, '2022/06/08'),
(244806, 1124, '2022/03/10'),
(314877, 1138, '2022/04/20'),
(979800, 1131, '2022/01/19'),
(512138, 1121, '2022/08/20'),
(344552, 1129, '2022/05/13'),
(530067, 1113, '2022/04/17'),
(489524, 1126, '2022/12/26'),
(505904, 1129, '2022/10/25'),
(112779, 1112, '2022/07/02'),
(142110, 1122, '2022/02/26'),
(751983, 1121, '2022/09/19'),
(471837, 1120, '2022/03/03'),
(115985, 1113, '2022/04/25'),
(519628, 1111, '2022/04/13'),
(130162, 1127, '2022/12/03'),
(525065, 1116, '2022/06/04'),
(773912, 1113, '2022/05/23'),
(984333, 1126, '2022/08/11'),
(305278, 1129, '2022/05/02'),
(502529, 1134, '2022/01/27'),
(120013, 1113, '2022/04/01'),
(789943, 1120, '2022/07/03'),
(216155, 1124, '2022/04/20'),
(924452, 1121, '2022/01/23'),
(521016, 1111, '2022/01/08'),
(518911, 1135, '2022/06/17'),
(796199, 1116, '2022/02/20'),
(267024, 1133, '2022/08/17'),
(666297, 1127, '2022/09/02'),
(582595, 1119, '2022/07/05'),
(163281, 1133, '2022/11/20'),
(482930, 1138, '2022/07/18'),
(472346, 1127, '2022/06/24'),
(768363, 1130, '2022/03/02'),
(745369, 1125, '2022/06/12'),
(833111, 1132, '2022/10/08'),
(147252, 1136, '2022/03/21'),
(412236, 1136, '2022/02/08'),
(936388, 1134, '2022/10/08'),
(915586, 1131, '2022/11/02'),
(119644, 1133, '2022/04/19'),
(991283, 1132, '2022/12/02'),
(612521, 1112, '2022/03/18'),
(195290, 1126, '2022/01/08'),
(362155, 1132, '2022/07/21'),
(518737, 1138, '2022/03/08'),
(881727, 1123, '2022/08/19'),
(993781, 1130, '2022/12/20'),
(148791, 1121, '2022/08/24'),
(128430, 1118, '2022/11/27'),
(882802, 1135, '2022/03/04'),
(821755, 1120, '2022/01/25'),
(228840, 1120, '2022/09/28'),
(631677, 1133, '2022/08/27'),
(737826, 1114, '2022/12/23'),
(996773, 1114, '2022/12/12'),
(932611, 1119, '2022/11/01'),
(236261, 1123, '2022/06/22'),
(496822, 1129, '2022/11/22'),
(936280, 1134, '2022/10/12'),
(466018, 1131, '2022/07/05'),
(783629, 1133, '2022/12/04');

INSERT INTO contains
VALUES
(498217, 'A1B2C3D4', 2),
(498217, 'E5F6G7H8', 1),
(498217, 'Q7R8S9T0', 3),
(498217, 'U1V2W3G4', 1),
(498217, 'Y5Z6A7B8', 2),
(498217, 'C9D0E1F2', 3),
(498217, 'G3H4I5J6', 1),
(498217, 'K7L8M9N0', 2),
(498217, 'P1Q2R3S4', 1),
(498217, 'T5U6V7W8', 3),
(498217, 'X9Y0Z1A2', 2),
(498217, 'B3C4D5E6', 1),
(498217, 'F7G8H9I0', 3),
(498217, 'I9J0K1L2', 4),
(498217, 'M3N4O5P6', 5);
---------------------
-- Contains
---------------------
INSERT INTO contains
VALUES
(764903, 'A1B2C3D4', 2),
(892541, 'E5F6G7H8', 1),
(631085, 'I9J0K1L2', 3),
(219346, 'M3N4O5P6', 2),
(845672, 'Q7R8S9T0', 3),
(587341, 'U1V2W3G4', 1),
(943815, 'Y5Z6A7B8', 2),
(356790, 'C9D0E1F2', 3),
(127503, 'K7L8M9N0', 2),
(708291, 'P1Q2R3S4', 1),
(534672, 'T5U6V7W8', 3),
(905213, 'X9Y0Z1A2', 2),
(128457, 'B3C4D5E6', 1),
(763459, 'F7G8H9I0', 3),
(764903, 'I9J0K1L2', 1),
(892541, 'M3N4O5P6', 3),
(631085, 'Q7R8S9T0', 2),
(219346, 'U1V2W3G4', 1),
(845672, 'Y5Z6A7B8', 2),
(587341, 'C9D0E1F2', 3),
(943815, 'G3H4I5J6', 2),
(356790, 'K7L8M9N0', 1),
(127503, 'T5U6V7W8', 3),
(708291, 'X9Y0Z1A2', 1),
(534672, 'B3C4D5E6', 2),
(905213, 'F7G8H9I0', 3),
(128457, 'I9J0K1L2', 2),
(763459, 'M3N4O5P6', 1),
(598317, 'U1U2W3X4', 1),
(972638, 'U1V2W3X4', 4),
(972638, 'Y5Z6A7B4', 7),
(972638, 'X9Y0Z1A2', 77),
(972638, 'J5K6L7M8', 78),
(309871, 'I9J0K1L6', 1),
(834176, 'C1D2E3F4', 3),
(834176, 'G5H6I7J8', 2),
(834176, 'K9L0M1N2', 7),
(461582, 'O3P4Q5R6', 1),
(461582, 'S7T8U9V0', 3),
(305972, 'K6L7M8N9', 1),
(305972, 'U1U2W3X4', 1),
(187359, 'F7G8H9I0', 1),
(187359, 'Y5Z6A7B6', 9),
(592813, 'K9L0M1N2', 4),
(436127, 'Q7R6S9T0', 5),
(794516, 'S7T8U9V0', 20),
(725943, 'K9L0M1N2', 13),
(516420, 'M3N4O5Y6', 1),
(738591, 'U1V2W3G4', 3),
(930246, 'G3H4I5J6', 1),
(525065, 'K9L0M1N2', 1),
(431636, 'T5U6V7W8', 5),
(190247, 'E5F6G7H7', 1),
(979800, 'Y5Z6A7B4', 2),
(115985, 'Y5Z6A7B1', 1),
(492462, 'Y5Z6A7B6', 2),
(612521, 'K9L0M1N2', 3),
(766679, 'U1V2W3X4', 3),
(953062, 'A1B2C3D6', 5),
(289343, 'Y5Z6A7B6', 3),
(683857, 'U1V2W3G4', 4),
(344552, 'M3N4O5P6', 1),
(823028, 'Y5Z6A7B1', 1),
(109303, 'E5F6G7H8', 4),
(767607, 'C5D6E7F8', 4),
(150676, 'A1B2C3D4', 1),
(783629, 'Y5Z6A7B6', 4),
(228840, 'J5K6L7M8', 1),
(972952, 'E5F6G7H7', 3),
(656704, 'F7G8H9I0', 5),
(856898, 'I9J0K1L6', 4),
(750590, 'U172W3X4', 4),
(551504, 'E5F6G7H8', 3),
(745369, 'I9J0K1L6', 5),
(146145, 'K9L0M1N2', 4),
(156078, 'X9Y0Z1A2', 2),
(381014, 'A1B2C3D4', 2),
(720255, 'C5D6E7F8', 1),
(185891, 'Q7R6S9T0', 3),
(292080, 'Y5Z6A7B1', 2),
(217764, 'M3N4O5P6', 1),
(322441, 'F7G8H9I0', 2),
(890768, 'S7T8U9V0', 5),
(915586, 'K9L0M1N2', 4),
(294993, 'F7G8H9I0', 1),
(981790, 'F7G8H9I0', 1),
(331547, 'F7G8H9I0', 4),
(521923, 'Q7R6S9T0', 3),
(897847, 'G3H4I5J6', 3),
(615060, 'G5H6I7J8', 1),
(909006, 'Y5Z6A7B6', 3),
(505633, 'M3N4O5Y6', 3),
(791857, 'S7T8U9V0', 3),
(969744, 'I9J0K1L6', 5),
(768363, 'K6L7M8N9', 5),
(666297, 'K6L7M8N9', 3),
(188285, 'M3N4O5Y6', 1),
(191055, 'K7L8M9N0', 4),
(433326, 'U1V2W3X4', 2),
(752359, 'K9L0M1N2', 2),
(710834, 'G5H6I7J8', 4),
(222888, 'B3C4D5E6', 4),
(322123, 'X9Y0Z1A2', 2),
(726629, 'F7G8H9I0', 4),
(860264, 'U172W3X4', 3),
(260759, 'M3N4O5Y6', 4),
(112499, 'G3H4I5J6', 1),
(272893, 'E5F6G7H8', 1),
(997967, 'Q7R6S9T0', 1),
(314877, 'Q7R8S9T0', 3),
(549639, 'Q7R6S9T0', 5),
(914211, 'K7L8M9N0', 4),
(119644, 'Y5Z6A7B1', 4),
(385453, 'P1Q2R3S4', 3),
(882671, 'G3H4I5J6', 1),
(289528, 'E5F6G7H8', 5),
(762311, 'Y5Z6A7B8', 4),
(331585, 'S7T8U9V0', 1),
(813356, 'P1Q2R3S4', 4),
(771144, 'G3H4I5J6', 1),
(762364, 'Y5Z6A7B6', 3),
(518737, 'J5K6L7M8', 1),
(729963, 'Y5Z6A7B8', 3),
(335562, 'Y5Z6A7B4', 1),
(607128, 'Y5Z6A7B1', 3),
(505904, 'C1D2E3F4', 3),
(110844, 'U1V2W3X4', 1),
(317590, 'Y5Z6A7B4', 2),
(120013, 'S7T8U9V0', 4),
(984333, 'P1Q2R3S4', 5),
(773912, 'Y5Z6A7B6', 4),
(708464, 'A1B2C3D6', 4),
(924452, 'A1B2C3D6', 2),
(320876, 'K6L7M8N9', 5),
(297699, 'T5U6V7W8', 4),
(414117, 'F7G8H9I0', 4),
(768200, 'G2H3I4J5', 1),
(558234, 'P1Q2R3S4', 4),
(247008, 'Y5Z6A7B6', 4),
(564375, 'O3P4Q5R6', 2),
(640940, 'A1B2C3D4', 1),
(646208, 'M3N4O5P6', 3),
(219087, 'G2H3I4J5', 3),
(452329, 'G5H6I7J8', 1),
(521368, 'Q7R8S9T0', 1),
(443273, 'M3N4O5Y6', 4),
(652240, 'A1B2C3D6', 2),
(142110, 'B3C4D5E6', 2),
(566019, 'P1Q2R3S4', 5),
(780284, 'G5H6I7J8', 4),
(362155, 'I9J0K1L6', 1),
(117994, 'J5K6L7M8', 5),
(461227, 'Q7R6S9T0', 4),
(842394, 'M3N4O5Y6', 1),
(189768, 'P1Q2R3S4', 1),
(776024, 'Y5Z6A7B4', 4),
(176004, 'E5F6G7H7', 3),
(291474, 'O3P4Q5R6', 2),
(582595, 'I9J0K1L2', 4),
(493167, 'J5K6L7M8', 5),
(267024, 'M3N4O5P6', 2),
(796199, 'Y5Z6A7B8', 1),
(519628, 'O3P4Q5R6', 3),
(722296, 'Y5Z6A7B1', 2),
(868519, 'Y5Z6A7B4', 4),
(981189, 'U1V2W3G4', 5),
(596432, 'G2H3I4J5', 5),
(530067, 'K9L0M1N2', 4),
(236261, 'X9Y0Z1A2', 4),
(228765, 'E5F6G7H7', 3),
(104584, 'I9J0K1L6', 2),
(382223, 'S7T8U9V0', 4),
(203632, 'B3C4D5E6', 4),
(112779, 'K9L0M1N2', 1),
(489524, 'A1B2C3D4', 5),
(833111, 'U1U2W3X4', 3),
(482930, 'I9J0K1L2', 5),
(828940, 'K6L7M8N9', 1),
(847744, 'I9J0K1L2', 2),
(716667, 'P1Q2R3S4', 1),
(953510, 'Q7R8S9T0', 5),
(418573, 'Q7R6S9T0', 3),
(228701, 'C1D2E3F4', 4),
(864845, 'Y5Z6A7B4', 1),
(214769, 'I9J0K1L6', 1),
(305278, 'I9J0K1L2', 2),
(130162, 'G3H4I5J6', 5),
(644307, 'I9J0K1L2', 2),
(154692, 'C5D6E7F8', 2),
(617824, 'Y5Z6A7B1', 2),
(788357, 'Y5Z6A7B6', 5),
(534104, 'E5F6G7H7', 4),
(279753, 'P1Q2R3S4', 3),
(851996, 'O3P4Q5R6', 2),
(310021, 'U172W3X4', 1),
(631677, 'X9Y0Z1A2', 5),
(944959, 'C1D2E3F4', 3),
(866832, 'B3C4D5E6', 5),
(290689, 'Y5Z6A7B1', 2),
(277690, 'S7T8U9V0', 3),
(218034, 'C5D6E7F8', 3),
(849576, 'C5D6E7F8', 3),
(515156, 'E5F6G7H8', 1),
(503538, 'U1U2W3X4', 5),
(459403, 'U1V2W3G4', 4),
(595932, 'G5H6I7J8', 5),
(314748, 'K6L7M8N9', 3),
(720621, 'C5D6E7F8', 4),
(388842, 'Y5Z6A7B8', 2),
(224779, 'Q7R8S9T0', 1),
(933050, 'X9Y0Z1A2', 2),
(991283, 'Y5Z6A7B1', 4),
(417639, 'A1B2C3D6', 5),
(412236, 'G3H4I5J6', 3),
(275227, 'B3C4D5E6', 4),
(203610, 'M3N4O5Y6', 5),
(696652, 'A1B2C3D4', 2),
(424531, 'J5K6L7M8', 4),
(656464, 'O3P4Q5R6', 1),
(257437, 'S7T8U9V0', 5),
(839392, 'C9D0E1F2', 5),
(959448, 'K9L0M1N2', 4),
(917511, 'C9D0E1F2', 1),
(244578, 'C5D6E7F8', 1),
(786108, 'U1V2W3X4', 5),
(518911, 'C1D2E3F4', 2),
(658639, 'K9L0M1N2', 2),
(649642, 'U172W3X4', 2),
(472346, 'X9Y0Z1A2', 5),
(406028, 'Y5Z6A7B6', 1),
(502328, 'X9Y0Z1A2', 3),
(382685, 'X9Y0Z1A2', 3),
(223780, 'Y5Z6A7B6', 3),
(881727, 'Y5Z6A7B6', 4),
(315997, 'A1B2C3D4', 1),
(123431, 'F7G8H9I0', 3),
(823476, 'T5U6V7W8', 1),
(325169, 'Y5Z6A7B6', 4),
(496822, 'I9J0K1L6', 5),
(710114, 'Q7R6S9T0', 1),
(551960, 'M3N4O5Y6', 3),
(446310, 'E5F6G7H8', 1),
(443255, 'M3N4O5P6', 1),
(943237, 'G2H3I4J5', 5),
(533157, 'Y5Z6A7B1', 1),
(119633, 'M3N4O5P6', 5),
(613605, 'X9Y0Z1A2', 4),
(353441, 'T5U6V7W8', 3),
(457559, 'U1V2W3G4', 2),
(467217, 'T5U6V7W8', 1),
(424649, 'G2H3I4J5', 4),
(250671, 'A1B2C3D6', 1),
(571900, 'K7L8M9N0', 2),
(861485, 'S7T8U9V0', 4),
(330352, 'J5K6L7M8', 2),
(861412, 'Y5Z6A7B4', 4),
(247347, 'T5U6V7W8', 5),
(476022, 'Y5Z6A7B8', 3),
(438761, 'K7L8M9N0', 1),
(526173, 'P1Q2R3S4', 1),
(435267, 'I9J0K1L6', 4),
(466018, 'C9D0E1F2', 2),
(945683, 'K9L0M1N2', 4),
(704277, 'G5H6I7J8', 1),
(326160, 'C9D0E1F2', 4),
(728069, 'K6L7M8N9', 4),
(737708, 'F7G8H9I0', 4),
(521887, 'G5H6I7J8', 1),
(333514, 'Y5Z6A7B8', 3),
(958049, 'C1D2E3F4', 2),
(442199, 'A1B2C3D4', 4),
(816145, 'I9J0K1L6', 5),
(376555, 'G3H4I5J6', 4),
(209613, 'Q7R6S9T0', 5),
(961863, 'U1V2W3X4', 5),
(957194, 'G3H4I5J6', 2),
(634344, 'Y5Z6A7B8', 3),
(731803, 'B3C4D5E6', 1),
(974795, 'T5U6V7W8', 1),
(936388, 'B3C4D5E6', 3),
(537731, 'Y5Z6A7B8', 2),
(170232, 'M3N4O5P6', 3),
(512138, 'G3H4I5J6', 2),
(856000, 'K6L7M8N9', 4),
(352756, 'Q7R6S9T0', 3),
(548978, 'G5H6I7J8', 4),
(502529, 'U1V2W3G4', 4),
(266737, 'U1V2W3X4', 1),
(188530, 'U1V2W3G4', 2),
(139505, 'I9J0K1L6', 3),
(237211, 'G2H3I4J5', 1),
(658174, 'M3N4O5Y6', 1),
(195178, 'C5D6E7F8', 5),
(631831, 'Y5Z6A7B8', 2),
(358079, 'Y5Z6A7B8', 1),
(598634, 'C9D0E1F2', 4),
(742985, 'P1Q2R3S4', 3),
(741957, 'Y5Z6A7B1', 4),
(737826, 'U172W3X4', 3),
(252293, 'Q7R6S9T0', 3),
(292492, 'J5K6L7M8', 5),
(847738, 'Y5Z6A7B6', 4),
(467425, 'Q7R8S9T0', 2),
(697291, 'C9D0E1F2', 3),
(615634, 'X9Y0Z1A2', 2),
(420490, 'S7T8U9V0', 1),
(360194, 'S7T8U9V0', 1),
(343980, 'G2H3I4J5', 4),
(169582, 'U1V2W3X4', 4),
(285874, 'S7T8U9V0', 5),
(257698, 'G3H4I5J6', 3),
(616109, 'E5F6G7H8', 1),
(320796, 'A1B2C3D4', 3),
(244806, 'A1B2C3D4', 3),
(377845, 'U1V2W3G4', 5),
(453427, 'C9D0E1F2', 1),
(976094, 'E5F6G7H7', 5),
(240065, 'Q7R6S9T0', 1),
(247418, 'E5F6G7H7', 4),
(550355, 'Y5Z6A7B8', 3),
(445723, 'K7L8M9N0', 3),
(437309, 'A1B2C3D6', 3),
(469677, 'S7T8U9V0', 3),
(757417, 'Y5Z6A7B4', 4),
(766611, 'X9Y0Z1A2', 4),
(658932, 'G5H6I7J8', 2),
(767629, 'J5K6L7M8', 4),
(596726, 'Q7R6S9T0', 3),
(697694, 'K6L7M8N9', 5),
(577442, 'M3N4O5Y6', 1),
(128430, 'G2H3I4J5', 4),
(319062, 'M3N4O5P6', 2),
(181665, 'A1B2C3D6', 1),
(489971, 'C5D6E7F8', 4),
(134450, 'A1B2C3D4', 2),
(342641, 'G3H4I5J6', 4),
(187218, 'X9Y0Z1A2', 4),
(422204, 'G5H6I7J8', 2),
(951359, 'U172W3X4', 2),
(886215, 'T5U6V7W8', 5),
(578283, 'Y5Z6A7B4', 2),
(485730, 'Y5Z6A7B6', 2),
(430527, 'U1V2W3X4', 4),
(875356, 'A1B2C3D6', 1),
(286717, 'Y5Z6A7B6', 1),
(835275, 'G3H4I5J6', 3),
(237830, 'G2H3I4J5', 5),
(728196, 'G2H3I4J5', 3),
(768336, 'E5F6G7H7', 4),
(600230, 'C5D6E7F8', 4),
(775018, 'G5H6I7J8', 2),
(832788, 'A1B2C3D6', 5),
(717403, 'B3C4D5E6', 3),
(147252, 'C5D6E7F8', 4),
(306290, 'K6L7M8N9', 3),
(420050, 'Y5Z6A7B6', 3),
(226177, 'X9Y0Z1A2', 2),
(148791, 'M3N4O5P6', 2),
(261492, 'C1D2E3F4', 2),
(340424, 'B3C4D5E6', 2),
(195290, 'J5K6L7M8', 4),
(458847, 'K9L0M1N2', 1),
(298193, 'Q7R6S9T0', 3),
(996773, 'T5U6V7W8', 3),
(471837, 'C5D6E7F8', 2),
(932611, 'K6L7M8N9', 5),
(853738, 'I9J0K1L2', 2),
(174316, 'M3N4O5P6', 2),
(139376, 'I9J0K1L6', 4),
(538065, 'Q7R8S9T0', 3),
(860657, 'K7L8M9N0', 2),
(225572, 'G5H6I7J8', 5),
(247013, 'B3C4D5E6', 2),
(834918, 'K6L7M8N9', 1),
(343458, 'C9D0E1F2', 1),
(541478, 'A1B2C3D6', 2),
(341760, 'U1V2W3X4', 4),
(715959, 'S7T8U9V0', 3),
(371271, 'G5H6I7J8', 5),
(808431, 'K9L0M1N2', 5),
(447307, 'Y5Z6A7B4', 3),
(163281, 'K7L8M9N0', 4),
(616147, 'E5F6G7H7', 5),
(270608, 'K9L0M1N2', 4),
(216155, 'U1U2W3X4', 2),
(931795, 'M3N4O5P6', 1),
(289996, 'Y5Z6A7B6', 4),
(113166, 'G5H6I7J8', 5),
(569767, 'Y5Z6A7B8', 5),
(168130, 'U172W3X4', 1),
(882802, 'A1B2C3D6', 4),
(285884, 'Y5Z6A7B8', 1),
(251227, 'P1Q2R3S4', 5),
(936280, 'Q7R8S9T0', 4),
(993781, 'K7L8M9N0', 5),
(373367, 'B3C4D5E6', 5),
(821755, 'A1B2C3D4', 2),
(455515, 'K9L0M1N2', 3),
(464662, 'K7L8M9N0', 1),
(409268, 'Q7R6S9T0', 5),
(723296, 'U1V2W3X4', 4),
(796872, 'G2H3I4J5', 2),
(954747, 'P1Q2R3S4', 5),
(494803, 'A1B2C3D4', 5),
(383593, 'G5H6I7J8', 2),
(335368, 'K7L8M9N0', 5),
(448257, 'P1Q2R3S4', 2),
(504823, 'S7T8U9V0', 4),
(145122, 'K6L7M8N9', 5),
(875405, 'U1V2W3G4', 3),
(345512, 'Y5Z6A7B6', 3),
(498678, 'J5K6L7M8', 5),
(808665, 'K7L8M9N0', 2),
(886441, 'A1B2C3D6', 2),
(848911, 'K6L7M8N9', 2),
(268914, 'K7L8M9N0', 5),
(388609, 'A1B2C3D6', 3),
(568910, 'U1U2W3X4', 3),
(865055, 'G5H6I7J8', 3),
(837406, 'M3N4O5P6', 3),
(751983, 'U172W3X4', 2),
(181461, 'C1D2E3F4', 2),
(813792, 'F7G8H9I0', 1),
(897268, 'Y5Z6A7B8', 4),
(522455, 'C1D2E3F4', 5),
(787581, 'P1Q2R3S4', 4),
(339910, 'U1V2W3X4', 2),
(475620, 'S7T8U9V0', 5),
(200544, 'S7T8U9V0', 2),
(184980, 'K7L8M9N0', 2),
(931632, 'Y5Z6A7B8', 4),
(131440, 'A1B2C3D6', 5),
(934121, 'I9J0K1L6', 2),
(396052, 'A1B2C3D6', 2),
(905840, 'M3N4O5Y6', 4),
(400610, 'I9J0K1L2', 2),
(441084, 'F7G8H9I0', 4),
(425096, 'Q7R8S9T0', 1),
(521016, 'I9J0K1L6', 5),
(578289, 'U1V2W3X4', 5),
(397059, 'C9D0E1F2', 3),
(955068, 'C5D6E7F8', 3),
(741362, 'M3N4O5P6', 5),
(394877, 'Q7R8S9T0', 2),
(789943, 'G2H3I4J5', 2),
(623709, 'U172W3X4', 3),
(981184, 'Q7R6S9T0', 2),
(917918, 'U1V2W3X4', 2),
(697291, 'Y5Z6A7B1', 4),
(974795, 'A1B2C3D6', 4),
(448257, 'M3N4O5Y6', 5),
(275227, 'O3P4Q5R6', 4),
(837406, 'K7L8M9N0', 3),
(767607, 'I9J0K1L2', 4),
(261492, 'C5D6E7F8', 2),
(766679, 'G3H4I5J6', 5),
(388609, 'U1V2W3G4', 4),
(203610, 'G2H3I4J5', 5),
(441084, 'G3H4I5J6', 2),
(270608, 'M3N4O5Y6', 2),
(728069, 'K7L8M9N0', 1),
(821755, 'T5U6V7W8', 1),
(526173, 'B3C4D5E6', 3),
(236261, 'M3N4O5P6', 5),
(856898, 'M3N4O5P6', 4),
(832788, 'E5F6G7H8', 5),
(156078, 'E5F6G7H8', 4),
(917918, 'F7G8H9I0', 4),
(146145, 'B3C4D5E6', 4),
(184980, 'A1B2C3D4', 5),
(607128, 'G2H3I4J5', 3),
(289343, 'K6L7M8N9', 1),
(146145, 'P1Q2R3S4', 2),
(640940, 'U172W3X4', 3),
(780284, 'A1B2C3D6', 2),
(294993, 'U1V2W3X4', 4),
(571900, 'G2H3I4J5', 1),
(886215, 'Y5Z6A7B1', 2),
(537731, 'A1B2C3D6', 3),
(467217, 'Y5Z6A7B4', 4),
(526173, 'A1B2C3D6', 5),
(342641, 'Q7R6S9T0', 2),
(549639, 'Y5Z6A7B1', 3),
(475620, 'K7L8M9N0', 2),
(783629, 'G3H4I5J6', 1),
(796199, 'Q7R8S9T0', 4),
(837406, 'G3H4I5J6', 1),
(340424, 'Y5Z6A7B1', 3),
(496822, 'G2H3I4J5', 2),
(726629, 'Q7R6S9T0', 2),
(195178, 'U1V2W3G4', 5),
(217764, 'K6L7M8N9', 5),
(247013, 'U172W3X4', 1),
(776024, 'E5F6G7H7', 2),
(190247, 'F7G8H9I0', 3),
(578289, 'U1U2W3X4', 3),
(455515, 'K7L8M9N0', 4),
(577442, 'F7G8H9I0', 5),
(285874, 'Q7R8S9T0', 5),
(503538, 'E5F6G7H8', 4),
(339910, 'Q7R6S9T0', 5),
(257437, 'C1D2E3F4', 1),
(459403, 'K7L8M9N0', 4),
(482930, 'U1V2W3G4', 4),
(447307, 'X9Y0Z1A2', 4),
(750590, 'G5H6I7J8', 5),
(225572, 'U172W3X4', 3),
(388842, 'E5F6G7H7', 3),
(272893, 'M3N4O5P6', 1),
(225572, 'G3H4I5J6', 2),
(252293, 'E5F6G7H7', 2),
(489971, 'E5F6G7H7', 1),
(951359, 'A1B2C3D4', 2),
(951359, 'A1B2C3D6', 2),
(188530, 'B3C4D5E6', 3),
(203632, 'C1D2E3F4', 2),
(623709, 'X9Y0Z1A2', 5),
(272893, 'O3P4Q5R6', 2),
(767607, 'K6L7M8N9', 2),
(728069, 'J5K6L7M8', 4),
(150676, 'E5F6G7H8', 1),
(216155, 'T5U6V7W8', 5),
(376555, 'C9D0E1F2', 2),
(981189, 'Y5Z6A7B4', 3),
(961863, 'E5F6G7H7', 5),
(224779, 'Q7R6S9T0', 2),
(156078, 'G5H6I7J8', 5),
(833111, 'M3N4O5Y6', 5),
(163281, 'C9D0E1F2', 3),
(837406, 'F7G8H9I0', 4),
(319062, 'Q7R6S9T0', 3),
(833111, 'U1V2W3X4', 4),
(317590, 'E5F6G7H8', 2),
(924452, 'S7T8U9V0', 5),
(360194, 'K6L7M8N9', 4),
(861485, 'I9J0K1L2', 1),
(775018, 'K9L0M1N2', 5),
(181665, 'U1V2W3G4', 4),
(476022, 'K6L7M8N9', 1),
(195178, 'Y5Z6A7B8', 5),
(244806, 'U1U2W3X4', 4),
(128430, 'C1D2E3F4', 4),
(577442, 'C9D0E1F2', 5),
(596726, 'P1Q2R3S4', 4),
(886215, 'G2H3I4J5', 2),
(502328, 'G3H4I5J6', 3),
(455515, 'Y5Z6A7B6', 2),
(279753, 'C5D6E7F8', 3),
(277690, 'F7G8H9I0', 3),
(538065, 'U172W3X4', 1),
(325169, 'M3N4O5Y6', 1),
(139376, 'A1B2C3D4', 4),
(515156, 'A1B2C3D4', 5),
(717403, 'Y5Z6A7B8', 4),
(741957, 'U1U2W3X4', 3),
(222888, 'G2H3I4J5', 4),
(933050, 'Y5Z6A7B4', 3),
(290689, 'B3C4D5E6', 4),
(396052, 'G5H6I7J8', 1),
(289528, 'Q7R6S9T0', 3),
(813792, 'Q7R8S9T0', 4),
(228840, 'S7T8U9V0', 1),
(897268, 'J5K6L7M8', 5),
(728069, 'U1U2W3X4', 1),
(656464, 'K9L0M1N2', 5),
(156078, 'U172W3X4', 4),
(279753, 'Y5Z6A7B4', 4),
(104584, 'K9L0M1N2', 3),
(525065, 'Y5Z6A7B8', 1),
(424531, 'U1U2W3X4', 4),
(505633, 'G3H4I5J6', 2),
(494803, 'A1B2C3D6', 4),
(569767, 'T5U6V7W8', 2),
(200544, 'Y5Z6A7B8', 2),
(600230, 'B3C4D5E6', 2),
(762311, 'Y5Z6A7B6', 5),
(656704, 'I9J0K1L2', 5),
(515156, 'K7L8M9N0', 4),
(881727, 'U1U2W3X4', 1),
(839392, 'U1V2W3G4', 4),
(292080, 'Y5Z6A7B8', 4),
(924452, 'M3N4O5P6', 4),
(228840, 'G3H4I5J6', 3),
(823028, 'U172W3X4', 2),
(720255, 'M3N4O5Y6', 2),
(696652, 'Q7R6S9T0', 1),
(866832, 'E5F6G7H8', 5),
(886441, 'E5F6G7H7', 3),
(842394, 'I9J0K1L6', 5),
(787581, 'O3P4Q5R6', 1),
(571900, 'Y5Z6A7B4', 1),
(335368, 'C1D2E3F4', 5),
(315997, 'B3C4D5E6', 5),
(933050, 'Y5Z6A7B8', 2),
(959448, 'G3H4I5J6', 3),
(315997, 'U1V2W3X4', 4),
(551504, 'Y5Z6A7B4', 2),
(934121, 'E5F6G7H8', 4),
(131440, 'X9Y0Z1A2', 5),
(314877, 'C9D0E1F2', 4),
(821755, 'Y5Z6A7B8', 1),
(890768, 'C9D0E1F2', 5),
(882671, 'Q7R6S9T0', 4),
(251227, 'S7T8U9V0', 3),
(382685, 'Q7R8S9T0', 4),
(437309, 'M3N4O5Y6', 2),
(943237, 'T5U6V7W8', 5),
(752359, 'T5U6V7W8', 2),
(430527, 'M3N4O5P6', 3),
(548978, 'X9Y0Z1A2', 3),
(504823, 'M3N4O5P6', 5),
(130162, 'Y5Z6A7B8', 4),
(203610, 'G5H6I7J8', 2),
(214769, 'U172W3X4', 3),
(566019, 'G3H4I5J6', 2),
(298193, 'G5H6I7J8', 4),
(613605, 'C5D6E7F8', 2),
(119644, 'T5U6V7W8', 4),
(710834, 'U172W3X4', 5),
(345512, 'K6L7M8N9', 3),
(745369, 'X9Y0Z1A2', 3),
(742985, 'T5U6V7W8', 3),
(257698, 'M3N4O5Y6', 5),
(104584, 'Y5Z6A7B8', 3),
(697291, 'K9L0M1N2', 2),
(209613, 'M3N4O5P6', 2),
(340424, 'O3P4Q5R6', 5),
(467425, 'A1B2C3D6', 2),
(890768, 'K7L8M9N0', 4),
(290689, 'C5D6E7F8', 5),
(728196, 'U1U2W3X4', 5),
(326160, 'Q7R8S9T0', 4),
(414117, 'A1B2C3D6', 4),
(548978, 'G3H4I5J6', 3),
(656464, 'Y5Z6A7B1', 5),
(134450, 'U172W3X4', 3),
(128430, 'B3C4D5E6', 3),
(277690, 'X9Y0Z1A2', 1),
(728069, 'Y5Z6A7B1', 1),
(658639, 'Y5Z6A7B1', 3),
(382685, 'Y5Z6A7B1', 3),
(226177, 'Q7R6S9T0', 5),
(417639, 'Y5Z6A7B4', 1),
(209613, 'Y5Z6A7B1', 1),
(631677, 'Y5Z6A7B1', 1),
(783629, 'Y5Z6A7B4', 2),
(909006, 'O3P4Q5R6', 3),
(533157, 'E5F6G7H8', 1),
(771144, 'O3P4Q5R6', 1),
(224779, 'J5K6L7M8', 4),
(195178, 'A1B2C3D6', 1),
(875405, 'C1D2E3F4', 4),
(247013, 'G5H6I7J8', 1),
(331547, 'I9J0K1L2', 5),
(247013, 'C5D6E7F8', 5),
(285884, 'U1U2W3X4', 5),
(315997, 'M3N4O5P6', 2),
(976094, 'X9Y0Z1A2', 5),
(285874, 'A1B2C3D4', 2),
(373367, 'K7L8M9N0', 1),
(697694, 'J5K6L7M8', 5),
(492462, 'J5K6L7M8', 4),
(882802, 'Q7R8S9T0', 2),
(525065, 'Y5Z6A7B6', 2),
(396052, 'U1U2W3X4', 5),
(168130, 'J5K6L7M8', 1),
(168130, 'K9L0M1N2', 2),
(953062, 'G2H3I4J5', 1),
(383593, 'K6L7M8N9', 4),
(189768, 'Y5Z6A7B1', 1),
(666297, 'C9D0E1F2', 3),
(188530, 'G5H6I7J8', 4),
(298193, 'U172W3X4', 4),
(993781, 'Q7R8S9T0', 1),
(915586, 'C5D6E7F8', 5),
(226177, 'A1B2C3D4', 3),
(808431, 'F7G8H9I0', 3),
(285884, 'K9L0M1N2', 1),
(886215, 'O3P4Q5R6', 2),
(996773, 'G2H3I4J5', 1),
(489971, 'X9Y0Z1A2', 5),
(640940, 'Q7R8S9T0', 1),
(569767, 'X9Y0Z1A2', 4),
(292080, 'E5F6G7H8', 1),
(766611, 'C9D0E1F2', 1),
(218034, 'T5U6V7W8', 1),
(715959, 'K6L7M8N9', 4),
(224779, 'U1V2W3G4', 3),
(250671, 'Q7R8S9T0', 4),
(726629, 'O3P4Q5R6', 2),
(931632, 'B3C4D5E6', 2),
(615060, 'U1U2W3X4', 4),
(522455, 'O3P4Q5R6', 5),
(936388, 'O3P4Q5R6', 2),
(634344, 'M3N4O5P6', 2),
(515156, 'G2H3I4J5', 5),
(875405, 'U1V2W3X4', 5),
(566019, 'I9J0K1L2', 4),
(358079, 'U1V2W3X4', 1),
(326160, 'T5U6V7W8', 5),
(333514, 'C5D6E7F8', 1),
(616147, 'C9D0E1F2', 3),
(383593, 'G2H3I4J5', 3),
(849576, 'Y5Z6A7B4', 3),
(787581, 'Y5Z6A7B6', 1),
(728196, 'Y5Z6A7B8', 2),
(216155, 'C1D2E3F4', 4),
(953062, 'M3N4O5P6', 5),
(866832, 'S7T8U9V0', 5),
(558234, 'U1U2W3X4', 3),
(837406, 'Y5Z6A7B1', 2),
(260759, 'G5H6I7J8', 2),
(953062, 'E5F6G7H7', 2),
(492462, 'E5F6G7H7', 2),
(616109, 'K9L0M1N2', 2),
(526173, 'U1U2W3X4', 1),
(134450, 'K7L8M9N0', 3),
(577442, 'K6L7M8N9', 5),
(868519, 'G2H3I4J5', 1),
(634344, 'K9L0M1N2', 3),
(388842, 'K7L8M9N0', 1),
(139376, 'U1U2W3X4', 3),
(292492, 'S7T8U9V0', 2),
(612521, 'Y5Z6A7B6', 1),
(371271, 'U1V2W3G4', 5),
(376555, 'C1D2E3F4', 1),
(616147, 'M3N4O5Y6', 2),
(388842, 'K9L0M1N2', 3),
(360194, 'K7L8M9N0', 1),
(934121, 'C1D2E3F4', 5),
(917918, 'P1Q2R3S4', 2),
(658639, 'A1B2C3D6', 3),
(115985, 'E5F6G7H8', 5),
(823476, 'K9L0M1N2', 1),
(954747, 'Q7R8S9T0', 3),
(289996, 'T5U6V7W8', 3),
(445723, 'Q7R8S9T0', 1),
(362155, 'Y5Z6A7B4', 4),
(156078, 'A1B2C3D4', 2),
(131440, 'C9D0E1F2', 1),
(954747, 'C5D6E7F8', 1),
(414117, 'I9J0K1L6', 3),
(452329, 'C5D6E7F8', 1),
(796199, 'C9D0E1F2', 2),
(343980, 'K6L7M8N9', 2),
(176004, 'G3H4I5J6', 4),
(335368, 'K9L0M1N2', 2),
(467217, 'M3N4O5P6', 2),
(333514, 'J5K6L7M8', 1),
(489524, 'K9L0M1N2', 4),
(909006, 'K9L0M1N2', 1),
(644307, 'U172W3X4', 1),
(737826, 'A1B2C3D6', 4),
(882671, 'P1Q2R3S4', 4),
(438761, 'Y5Z6A7B1', 2),
(981184, 'K7L8M9N0', 4),
(708464, 'Q7R8S9T0', 4),
(615634, 'K6L7M8N9', 4),
(768336, 'C5D6E7F8', 3),
(881727, 'E5F6G7H8', 2),
(607128, 'C5D6E7F8', 3),
(996773, 'P1Q2R3S4', 5),
(272893, 'U1V2W3G4', 1),
(150676, 'Y5Z6A7B6', 2),
(658639, 'E5F6G7H7', 3),
(720255, 'S7T8U9V0', 1),
(936388, 'T5U6V7W8', 5),
(882802, 'Y5Z6A7B6', 2),
(596432, 'U1V2W3G4', 2),
(330352, 'E5F6G7H8', 4),
(388609, 'Y5Z6A7B8', 5),
(443273, 'Y5Z6A7B4', 4),
(203610, 'U1V2W3G4', 1),
(832788, 'P1Q2R3S4', 2),
(317590, 'A1B2C3D6', 5),
(310021, 'P1Q2R3S4', 5),
(856000, 'M3N4O5Y6', 2),
(382685, 'U1V2W3G4', 2),
(981184, 'C1D2E3F4', 5),
(216155, 'A1B2C3D4', 2),
(808665, 'U1U2W3X4', 2),
(737826, 'T5U6V7W8', 2),
(828940, 'S7T8U9V0', 1),
(615634, 'Q7R8S9T0', 4),
(741362, 'Q7R6S9T0', 1),
(418573, 'I9J0K1L2', 5),
(317590, 'I9J0K1L6', 3),
(741957, 'Q7R8S9T0', 4),
(409268, 'A1B2C3D4', 3),
(796872, 'Y5Z6A7B1', 4),
(110844, 'K9L0M1N2', 3),
(832788, 'G5H6I7J8', 5),
(860264, 'G3H4I5J6', 4),
(752359, 'A1B2C3D6', 2),
(658639, 'T5U6V7W8', 5),
(886215, 'E5F6G7H7', 4),
(154692, 'A1B2C3D6', 1),
(475620, 'M3N4O5Y6', 3),
(371271, 'Y5Z6A7B6', 3),
(388842, 'M3N4O5Y6', 2),
(396052, 'F7G8H9I0', 5),
(489971, 'U1V2W3X4', 5),
(320876, 'I9J0K1L2', 1),
(886441, 'Q7R6S9T0', 1),
(471837, 'A1B2C3D6', 3),
(981790, 'G5H6I7J8', 1),
(717403, 'C1D2E3F4', 2),
(455515, 'G3H4I5J6', 4),
(376555, 'U1V2W3X4', 5),
(148791, 'Q7R8S9T0', 5),
(943237, 'F7G8H9I0', 3),
(492462, 'M3N4O5Y6', 4),
(595932, 'K9L0M1N2', 2),
(789943, 'S7T8U9V0', 5),
(981790, 'M3N4O5P6', 1),
(813356, 'E5F6G7H7', 5),
(139376, 'E5F6G7H7', 5),
(640940, 'K9L0M1N2', 2),
(188530, 'O3P4Q5R6', 2),
(503538, 'K7L8M9N0', 2),
(305278, 'C5D6E7F8', 1),
(119644, 'P1Q2R3S4', 4),
(616147, 'X9Y0Z1A2', 2),
(191055, 'A1B2C3D6', 4),
(139376, 'G3H4I5J6', 2),
(314748, 'U1U2W3X4', 3),
(333514, 'G2H3I4J5', 5),
(915586, 'G5H6I7J8', 3),
(203610, 'C5D6E7F8', 3),
(464662, 'Y5Z6A7B1', 2),
(203632, 'A1B2C3D4', 4),
(104584, 'J5K6L7M8', 2),
(656464, 'Q7R8S9T0', 2),
(875356, 'E5F6G7H7', 3),
(783629, 'U1V2W3X4', 3),
(652240, 'U1V2W3X4', 1),
(934121, 'U1V2W3G4', 3),
(596726, 'G3H4I5J6', 5),
(697694, 'Y5Z6A7B8', 2),
(452329, 'U1V2W3G4', 2),
(615060, 'U172W3X4', 1),
(828940, 'Q7R6S9T0', 3),
(170232, 'Y5Z6A7B1', 4),
(360194, 'A1B2C3D4', 5),
(412236, 'Q7R8S9T0', 5),
(382223, 'K9L0M1N2', 5),
(145122, 'Y5Z6A7B4', 2),
(314877, 'I9J0K1L6', 5),
(489971, 'G5H6I7J8', 1),
(856898, 'X9Y0Z1A2', 3),
(737708, 'G5H6I7J8', 2),
(247418, 'F7G8H9I0', 3),
(856000, 'T5U6V7W8', 5),
(944959, 'Y5Z6A7B6', 3),
(420050, 'M3N4O5Y6', 5),
(466018, 'K6L7M8N9', 1),
(696652, 'U1U2W3X4', 1),
(150676, 'C9D0E1F2', 1),
(833111, 'O3P4Q5R6', 1),
(780284, 'U172W3X4', 5),
(330352, 'K7L8M9N0', 1),
(762364, 'C1D2E3F4', 4),
(533157, 'F7G8H9I0', 4),
(169582, 'G2H3I4J5', 4),
(860264, 'Y5Z6A7B1', 5),
(984333, 'K7L8M9N0', 5),
(489524, 'G5H6I7J8', 3),
(291474, 'C5D6E7F8', 1),
(362155, 'M3N4O5Y6', 1),
(476022, 'K7L8M9N0', 1),
(191055, 'T5U6V7W8', 1),
(244806, 'Y5Z6A7B6', 4),
(521887, 'I9J0K1L6', 4),
(190247, 'C5D6E7F8', 4),
(145122, 'Y5Z6A7B6', 3),
(292492, 'T5U6V7W8', 4),
(244806, 'Y5Z6A7B1', 4),
(218034, 'U172W3X4', 2),
(656464, 'G2H3I4J5', 2),
(441084, 'T5U6V7W8', 1),
(866832, 'J5K6L7M8', 5),
(244806, 'F7G8H9I0', 3),
(745369, 'U1U2W3X4', 1),
(518737, 'U172W3X4', 4),
(631831, 'K9L0M1N2', 2),
(139505, 'B3C4D5E6', 2),
(187218, 'Y5Z6A7B8', 2),
(550355, 'E5F6G7H7', 5),
(314748, 'A1B2C3D4', 5),
(598634, 'Y5Z6A7B6', 2),
(331547, 'Q7R6S9T0', 5),
(745369, 'U1V2W3G4', 4),
(738591, 'Y5Z6A7B6', 4),
(582595, 'P1Q2R3S4', 4),
(959448, 'Y5Z6A7B6', 4),
(541478, 'K9L0M1N2', 2),
(150676, 'G5H6I7J8', 1),
(142110, 'K9L0M1N2', 5),
(931795, 'B3C4D5E6', 3),
(789943, 'B3C4D5E6', 2),
(457559, 'P1Q2R3S4', 3),
(112499, 'X9Y0Z1A2', 1),
(455515, 'U172W3X4', 1),
(984333, 'U172W3X4', 1),
(218034, 'B3C4D5E6', 1),
(780284, 'F7G8H9I0', 4),
(228840, 'I9J0K1L6', 3),
(550355, 'C5D6E7F8', 4),
(244806, 'G3H4I5J6', 2),
(433326, 'Y5Z6A7B8', 4),
(816145, 'Y5Z6A7B1', 4),
(766679, 'P1Q2R3S4', 5),
(623709, 'F7G8H9I0', 5),
(333514, 'G3H4I5J6', 3),
(471837, 'Y5Z6A7B8', 3),
(726629, 'G3H4I5J6', 2),
(868519, 'O3P4Q5R6', 4),
(533157, 'Y5Z6A7B4', 1),
(789943, 'Y5Z6A7B8', 4),
(362155, 'I9J0K1L2', 3),
(345512, 'Y5Z6A7B8', 2),
(376555, 'A1B2C3D4', 4),
(865055, 'Y5Z6A7B4', 3),
(382223, 'G3H4I5J6', 2),
(226177, 'G2H3I4J5', 5),
(147252, 'J5K6L7M8', 2),
(796872, 'Y5Z6A7B6', 2),
(762364, 'M3N4O5P6', 1),
(881727, 'K9L0M1N2', 2),
(294993, 'G5H6I7J8', 1),
(522455, 'C5D6E7F8', 5),
(909006, 'E5F6G7H7', 1),
(485730, 'I9J0K1L6', 1),
(420050, 'M3N4O5P6', 1),
(521016, 'Y5Z6A7B6', 3),
(418573, 'B3C4D5E6', 5),
(335562, 'I9J0K1L2', 5),
(652240, 'I9J0K1L2', 3),
(275227, 'C1D2E3F4', 5),
(320796, 'Y5Z6A7B6', 2),
(882671, 'U1U2W3X4', 5),
(147252, 'M3N4O5Y6', 2),
(502529, 'K7L8M9N0', 1),
(504823, 'P1Q2R3S4', 5),
(882802, 'Y5Z6A7B4', 4),
(322123, 'Y5Z6A7B4', 1),
(209613, 'Y5Z6A7B6', 3),
(984333, 'B3C4D5E6', 1),
(813356, 'U1V2W3X4', 3),
(189768, 'G3H4I5J6', 1),
(142110, 'U1V2W3X4', 1),
(222888, 'Q7R6S9T0', 2),
(881727, 'M3N4O5Y6', 5),
(616147, 'B3C4D5E6', 5),
(943237, 'Y5Z6A7B8', 2),
(615060, 'I9J0K1L6', 3),
(277690, 'M3N4O5Y6', 5),
(314877, 'G5H6I7J8', 4),
(783629, 'U1V2W3G4', 1),
(119633, 'X9Y0Z1A2', 3),
(649642, 'I9J0K1L6', 3),
(762311, 'U1V2W3G4', 3),
(353441, 'J5K6L7M8', 5),
(993781, 'U172W3X4', 1),
(839392, 'Q7R8S9T0', 1),
(168130, 'Q7R8S9T0', 5),
(113166, 'C9D0E1F2', 5),
(649642, 'T5U6V7W8', 4),
(596432, 'I9J0K1L6', 5),
(373367, 'Y5Z6A7B8', 1),
(861485, 'A1B2C3D6', 2),
(446310, 'E5F6G7H7', 5),
(600230, 'A1B2C3D4', 3),
(752359, 'G3H4I5J6', 3),
(752359, 'I9J0K1L6', 2),
(551504, 'K9L0M1N2', 3),
(237830, 'K9L0M1N2', 5),
(917511, 'C1D2E3F4', 3),
(485730, 'F7G8H9I0', 1),
(362155, 'U1V2W3X4', 4),
(228840, 'Y5Z6A7B1', 4),
(652240, 'Y5Z6A7B1', 1),
(272893, 'P1Q2R3S4', 2),
(710834, 'U1V2W3X4', 4),
(145122, 'E5F6G7H7', 2),
(270608, 'G5H6I7J8', 5),
(493167, 'I9J0K1L2', 4),
(447307, 'G5H6I7J8', 2),
(771144, 'A1B2C3D6', 4),
(388842, 'S7T8U9V0', 5),
(716667, 'G5H6I7J8', 2),
(984333, 'Y5Z6A7B8', 1),
(616147, 'Y5Z6A7B6', 5),
(953062, 'F7G8H9I0', 2),
(331547, 'K6L7M8N9', 4),
(339910, 'B3C4D5E6', 3),
(832788, 'U1V2W3G4', 5),
(860657, 'Q7R6S9T0', 5),
(310021, 'F7G8H9I0', 3),
(656704, 'Q7R6S9T0', 5),
(697694, 'U172W3X4', 1),
(750590, 'I9J0K1L2', 3),
(409268, 'M3N4O5Y6', 2),
(438761, 'E5F6G7H8', 1),
(897847, 'F7G8H9I0', 4),
(189768, 'U1V2W3G4', 4),
(112779, 'B3C4D5E6', 2),
(519628, 'S7T8U9V0', 4),
(482930, 'U172W3X4', 1),
(131440, 'I9J0K1L2', 5),
(445723, 'U172W3X4', 3),
(656704, 'C1D2E3F4', 1),
(452329, 'E5F6G7H8', 1),
(578283, 'K6L7M8N9', 3),
(475620, 'U172W3X4', 2),
(569767, 'U1V2W3X4', 5),
(443255, 'Q7R6S9T0', 4),
(708464, 'E5F6G7H8', 4),
(339910, 'C5D6E7F8', 1),
(272893, 'F7G8H9I0', 4),
(791857, 'Q7R8S9T0', 5),
(767629, 'T5U6V7W8', 4),
(623709, 'M3N4O5Y6', 4),
(708464, 'U1V2W3G4', 2),
(953062, 'Q7R8S9T0', 3),
(237211, 'K9L0M1N2', 1),
(289528, 'Y5Z6A7B6', 2),
(409268, 'G3H4I5J6', 4),
(261492, 'B3C4D5E6', 1),
(217764, 'I9J0K1L6', 1),
(315997, 'E5F6G7H8', 4),
(251227, 'M3N4O5P6', 3),
(933050, 'U1V2W3X4', 4),
(437309, 'B3C4D5E6', 4),
(767629, 'C1D2E3F4', 4),
(466018, 'A1B2C3D4', 1),
(731803, 'E5F6G7H7', 1),
(991283, 'I9J0K1L2', 4),
(112499, 'O3P4Q5R6', 2),
(340424, 'G2H3I4J5', 2),
(708464, 'M3N4O5Y6', 5),
(394877, 'Q7R6S9T0', 3),
(119644, 'G5H6I7J8', 2),
(974795, 'K6L7M8N9', 3),
(525065, 'U1V2W3G4', 5),
(382223, 'Y5Z6A7B8', 5),
(951359, 'G2H3I4J5', 4),
(612521, 'A1B2C3D6', 4),
(341760, 'S7T8U9V0', 1),
(424531, 'E5F6G7H8', 1),
(710834, 'K6L7M8N9', 1),
(697291, 'J5K6L7M8', 4),
(751983, 'O3P4Q5R6', 1),
(505633, 'E5F6G7H7', 3),
(188285, 'K6L7M8N9', 5),
(417639, 'S7T8U9V0', 4),
(936280, 'C5D6E7F8', 1),
(353441, 'Y5Z6A7B1', 3),
(607128, 'Q7R6S9T0', 2),
(377845, 'I9J0K1L2', 1),
(409268, 'I9J0K1L2', 4),
(953510, 'T5U6V7W8', 4),
(266737, 'M3N4O5P6', 1),
(762311, 'K7L8M9N0', 2),
(322441, 'U1V2W3G4', 3),
(715959, 'Y5Z6A7B8', 4),
(936280, 'X9Y0Z1A2', 4),
(914211, 'U1U2W3X4', 2),
(394877, 'U172W3X4', 3),
(791857, 'F7G8H9I0', 4),
(188530, 'T5U6V7W8', 5),
(277690, 'K7L8M9N0', 2),
(123431, 'K6L7M8N9', 2),
(773912, 'Y5Z6A7B4', 2),
(582595, 'A1B2C3D6', 5),
(219087, 'Y5Z6A7B8', 4),
(981189, 'U1V2W3X4', 2),
(823476, 'C1D2E3F4', 1),
(945683, 'K6L7M8N9', 4),
(485730, 'A1B2C3D6', 3),
(437309, 'Q7R8S9T0', 4),
(236261, 'G5H6I7J8', 1),
(981189, 'K7L8M9N0', 3),
(737708, 'Y5Z6A7B6', 1),
(489524, 'J5K6L7M8', 2),
(915586, 'Y5Z6A7B6', 3),
(936388, 'Y5Z6A7B1', 1),
(472346, 'Y5Z6A7B6', 3),
(383593, 'I9J0K1L2', 4),
(409268, 'E5F6G7H8', 3),
(861412, 'U1V2W3G4', 2),
(466018, 'Y5Z6A7B6', 2),
(848911, 'X9Y0Z1A2', 2),
(443273, 'A1B2C3D4', 2),
(383593, 'S7T8U9V0', 5),
(766611, 'C5D6E7F8', 4),
(861485, 'C1D2E3F4', 5),
(796872, 'M3N4O5P6', 1),
(541478, 'P1Q2R3S4', 5),
(728196, 'S7T8U9V0', 5),
(154692, 'S7T8U9V0', 3),
(522455, 'Y5Z6A7B8', 2),
(424649, 'U1U2W3X4', 2),
(917918, 'O3P4Q5R6', 3),
(228701, 'K7L8M9N0', 3),
(320796, 'I9J0K1L6', 1),
(644307, 'B3C4D5E6', 1),
(860264, 'F7G8H9I0', 4),
(716667, 'K6L7M8N9', 2),
(443255, 'B3C4D5E6', 4),
(890768, 'M3N4O5Y6', 4),
(780284, 'T5U6V7W8', 5),
(433326, 'M3N4O5P6', 2),
(340424, 'E5F6G7H7', 4),
(607128, 'O3P4Q5R6', 1),
(489524, 'G2H3I4J5', 2),
(505904, 'K9L0M1N2', 2),
(139376, 'Q7R6S9T0', 3),
(550355, 'O3P4Q5R6', 3),
(615060, 'A1B2C3D6', 3),
(741957, 'F7G8H9I0', 2),
(823476, 'Y5Z6A7B8', 4),
(741362, 'C1D2E3F4', 2),
(839392, 'M3N4O5Y6', 3),
(767629, 'Y5Z6A7B6', 5),
(339910, 'M3N4O5Y6', 3),
(339910, 'U1V2W3G4', 2),
(247013, 'F7G8H9I0', 2),
(315997, 'Y5Z6A7B6', 2),
(330352, 'B3C4D5E6', 3),
(851996, 'C1D2E3F4', 5),
(738591, 'A1B2C3D4', 1),
(471837, 'Y5Z6A7B4', 4),
(860657, 'G2H3I4J5', 5),
(715959, 'Y5Z6A7B1', 3),
(181665, 'C5D6E7F8', 4),
(519628, 'T5U6V7W8', 3),
(146145, 'E5F6G7H8', 3),
(729963, 'U172W3X4', 1),
(112779, 'G2H3I4J5', 2),
(156078, 'C5D6E7F8', 5),
(842394, 'K6L7M8N9', 1),
(981184, 'G3H4I5J6', 3),
(958049, 'U172W3X4', 2),
(498678, 'Y5Z6A7B1', 3),
(156078, 'U1V2W3G4', 3),
(658932, 'K6L7M8N9', 2),
(289343, 'P1Q2R3S4', 4),
(738591, 'M3N4O5P6', 1),
(710834, 'Q7R6S9T0', 1),
(195290, 'U1U2W3X4', 5),
(120013, 'M3N4O5Y6', 3),
(290689, 'Q7R6S9T0', 2),
(596432, 'K6L7M8N9', 1),
(184980, 'U1V2W3G4', 5),
(339910, 'C9D0E1F2', 5),
(976094, 'S7T8U9V0', 4),
(409268, 'Y5Z6A7B1', 4),
(104584, 'Q7R6S9T0', 2),
(268914, 'G2H3I4J5', 1),
(860657, 'O3P4Q5R6', 5),
(741362, 'S7T8U9V0', 2),
(341760, 'Y5Z6A7B6', 2),
(849576, 'U1V2W3G4', 1),
(362155, 'E5F6G7H8', 3),
(924452, 'P1Q2R3S4', 1),
(558234, 'O3P4Q5R6', 1),
(615060, 'C9D0E1F2', 4),
(726629, 'K9L0M1N2', 3),
(169582, 'M3N4O5P6', 1),
(981790, 'Y5Z6A7B1', 5),
(247013, 'E5F6G7H7', 1),
(496822, 'O3P4Q5R6', 3),
(353441, 'K7L8M9N0', 4),
(666297, 'A1B2C3D4', 1),
(697291, 'K7L8M9N0', 4),
(289343, 'E5F6G7H7', 1),
(275227, 'Q7R8S9T0', 2),
(521887, 'A1B2C3D6', 1),
(148791, 'O3P4Q5R6', 1),
(615060, 'C1D2E3F4', 4),
(808665, 'B3C4D5E6', 3),
(943237, 'G3H4I5J6', 4),
(314748, 'U1V2W3G4', 5),
(443273, 'C5D6E7F8', 3),
(775018, 'P1Q2R3S4', 3),
(571900, 'M3N4O5P6', 1),
(176004, 'I9J0K1L2', 1),
(742985, 'K7L8M9N0', 5),
(154692, 'P1Q2R3S4', 5),
(847744, 'Y5Z6A7B1', 4),
(492462, 'U1V2W3G4', 4),
(786108, 'K7L8M9N0', 4),
(394877, 'K6L7M8N9', 2),
(489971, 'K9L0M1N2', 4),
(237830, 'I9J0K1L6', 4),
(767629, 'Q7R8S9T0', 3),
(741362, 'U1V2W3G4', 5),
(697291, 'Q7R8S9T0', 2),
(322441, 'X9Y0Z1A2', 4),
(631831, 'Y5Z6A7B4', 5),
(720255, 'U1V2W3X4', 2),
(791857, 'U1V2W3G4', 3),
(335368, 'U172W3X4', 5),
(190247, 'G5H6I7J8', 2),
(250671, 'K9L0M1N2', 2),
(541478, 'U1V2W3G4', 1),
(537731, 'G2H3I4J5', 1),
(783629, 'K6L7M8N9', 1),
(397059, 'M3N4O5Y6', 2),
(757417, 'E5F6G7H8', 5),
(388842, 'A1B2C3D4', 2),
(728069, 'E5F6G7H8', 1),
(218034, 'X9Y0Z1A2', 2),
(738591, 'G5H6I7J8', 3),
(467217, 'U1U2W3X4', 5),
(130162, 'Q7R6S9T0', 1),
(409268, 'U172W3X4', 3),
(406028, 'U1V2W3G4', 2),
(742985, 'Y5Z6A7B6', 1),
(257698, 'A1B2C3D4', 1),
(447307, 'T5U6V7W8', 1),
(228840, 'Y5Z6A7B6', 4),
(394877, 'B3C4D5E6', 1),
(455515, 'G2H3I4J5', 1),
(285874, 'X9Y0Z1A2', 1),
(615060, 'G2H3I4J5', 1),
(936280, 'A1B2C3D6', 5),
(458847, 'A1B2C3D6', 1),
(796199, 'O3P4Q5R6', 2),
(521923, 'S7T8U9V0', 3),
(382223, 'B3C4D5E6', 5),
(578289, 'F7G8H9I0', 2),
(551504, 'P1Q2R3S4', 5),
(148791, 'I9J0K1L2', 4),
(771144, 'M3N4O5Y6', 3),
(924452, 'G3H4I5J6', 5),
(521923, 'M3N4O5P6', 3),
(445723, 'A1B2C3D6', 5),
(275227, 'U1U2W3X4', 3),
(886441, 'F7G8H9I0', 5),
(306290, 'U172W3X4', 1),
(915586, 'Y5Z6A7B4', 3),
(228840, 'X9Y0Z1A2', 3),
(362155, 'A1B2C3D6', 5),
(615060, 'A1B2C3D4', 2),
(741362, 'G5H6I7J8', 4),
(397059, 'Q7R8S9T0', 3),
(720255, 'Y5Z6A7B4', 4),
(315997, 'K6L7M8N9', 4),
(521016, 'G3H4I5J6', 5),
(503538, 'Q7R8S9T0', 4),
(958049, 'B3C4D5E6', 3),
(623709, 'Y5Z6A7B1', 2),
(237830, 'Q7R6S9T0', 5),
(505633, 'K9L0M1N2', 4),
(534104, 'F7G8H9I0', 1),
(767629, 'C5D6E7F8', 3),
(762364, 'I9J0K1L6', 3),
(191055, 'O3P4Q5R6', 2),
(564375, 'Y5Z6A7B8', 4),
(251227, 'E5F6G7H8', 4),
(515156, 'F7G8H9I0', 3),
(835275, 'X9Y0Z1A2', 4),
(289996, 'U1V2W3G4', 4),
(397059, 'C5D6E7F8', 5),
(493167, 'Y5Z6A7B1', 5),
(613605, 'F7G8H9I0', 4),
(716667, 'M3N4O5P6', 5),
(433326, 'U172W3X4', 2),
(723296, 'U1U2W3X4', 4),
(343980, 'I9J0K1L2', 1),
(791857, 'I9J0K1L2', 2),
(237211, 'P1Q2R3S4', 1),
(521368, 'U1U2W3X4', 3),
(847744, 'C1D2E3F4', 5),
(289996, 'Y5Z6A7B1', 2),
(745369, 'C5D6E7F8', 4),
(813356, 'Y5Z6A7B1', 5),
(455515, 'F7G8H9I0', 1),
(214769, 'E5F6G7H7', 4),
(244806, 'I9J0K1L6', 5),
(247347, 'J5K6L7M8', 1),
(371271, 'Q7R6S9T0', 5),
(723296, 'F7G8H9I0', 2),
(634344, 'Q7R6S9T0', 3),
(683857, 'K9L0M1N2', 5),
(943237, 'M3N4O5P6', 1),
(397059, 'X9Y0Z1A2', 1),
(134450, 'Y5Z6A7B6', 4),
(290689, 'G2H3I4J5', 4),
(414117, 'Q7R8S9T0', 1),
(955068, 'Y5Z6A7B4', 1),
(376555, 'U172W3X4', 4),
(156078, 'Q7R8S9T0', 5),
(482930, 'U1U2W3X4', 3),
(522455, 'P1Q2R3S4', 2),
(130162, 'Y5Z6A7B6', 1),
(518737, 'X9Y0Z1A2', 1),
(596432, 'K9L0M1N2', 1),
(955068, 'I9J0K1L2', 4),
(424649, 'E5F6G7H7', 4),
(856898, 'O3P4Q5R6', 5),
(834918, 'J5K6L7M8', 4),
(582595, 'G5H6I7J8', 1),
(277690, 'O3P4Q5R6', 1),
(974795, 'M3N4O5Y6', 4),
(315997, 'A1B2C3D6', 2),
(847744, 'K7L8M9N0', 2),
(409268, 'G2H3I4J5', 1),
(289996, 'S7T8U9V0', 4),
(924452, 'C5D6E7F8', 2),
(886441, 'J5K6L7M8', 1),
(448257, 'U1V2W3X4', 3),
(394877, 'G3H4I5J6', 3),
(326160, 'P1Q2R3S4', 3),
(568910, 'Q7R8S9T0', 3),
(331585, 'P1Q2R3S4', 1),
(117994, 'Y5Z6A7B1', 5),
(866832, 'K9L0M1N2', 2),
(537731, 'J5K6L7M8', 4),
(437309, 'K9L0M1N2', 4),
(505904, 'E5F6G7H8', 2),
(796199, 'J5K6L7M8', 2),
(260759, 'C5D6E7F8', 5),
(932611, 'B3C4D5E6', 3),
(548978, 'S7T8U9V0', 2),
(728196, 'T5U6V7W8', 3),
(305278, 'Q7R6S9T0', 3),
(582595, 'F7G8H9I0', 3),
(704277, 'T5U6V7W8', 4),
(796199, 'A1B2C3D6', 1),
(936388, 'U1V2W3G4', 5),
(219087, 'Y5Z6A7B6', 1),
(145122, 'Y5Z6A7B8', 2),
(847744, 'X9Y0Z1A2', 2),
(933050, 'S7T8U9V0', 4),
(519628, 'C9D0E1F2', 5),
(566019, 'Y5Z6A7B6', 5),
(704277, 'P1Q2R3S4', 4),
(154692, 'E5F6G7H8', 5),
(110844, 'C1D2E3F4', 1),
(813792, 'K9L0M1N2', 1),
(331585, 'X9Y0Z1A2', 1),
(142110, 'Y5Z6A7B8', 3),
(762364, 'A1B2C3D6', 1),
(551960, 'Y5Z6A7B8', 4),
(658639, 'G5H6I7J8', 4),
(189768, 'B3C4D5E6', 2),
(696652, 'Y5Z6A7B1', 3),
(521016, 'G2H3I4J5', 5),
(821755, 'K7L8M9N0', 2),
(578289, 'S7T8U9V0', 1),
(766679, 'G5H6I7J8', 5),
(286717, 'T5U6V7W8', 3),
(247347, 'A1B2C3D4', 3),
(717403, 'O3P4Q5R6', 1),
(290689, 'C9D0E1F2', 1),
(268914, 'C5D6E7F8', 3),
(275227, 'K9L0M1N2', 4),
(447307, 'P1Q2R3S4', 4),
(156078, 'Y5Z6A7B4', 1),
(768200, 'S7T8U9V0', 2),
(376555, 'E5F6G7H8', 2),
(458847, 'C5D6E7F8', 2),
(959448, 'G5H6I7J8', 1),
(445723, 'Y5Z6A7B6', 5),
(331547, 'G3H4I5J6', 4),
(953062, 'U1V2W3X4', 5),
(773912, 'C5D6E7F8', 2),
(961863, 'C1D2E3F4', 4),
(414117, 'U1U2W3X4', 1),
(397059, 'G2H3I4J5', 4),
(244578, 'T5U6V7W8', 4),
(930246, 'Q7R8S9T0', 4),
(696652, 'C9D0E1F2', 1),
(646208, 'M3N4O5Y6', 3),
(741957, 'Y5Z6A7B4', 1),
(538065, 'O3P4Q5R6', 2),
(981790, 'X9Y0Z1A2', 5),
(291474, 'U1V2W3X4', 5),
(112499, 'T5U6V7W8', 2),
(564375, 'T5U6V7W8', 4),
(600230, 'M3N4O5Y6', 1),
(752359, 'Y5Z6A7B4', 2),
(383593, 'T5U6V7W8', 1),
(616147, 'P1Q2R3S4', 1),
(766679, 'Q7R6S9T0', 5),
(292080, 'G2H3I4J5', 1),
(550355, 'M3N4O5Y6', 5),
(382685, 'M3N4O5P6', 1),
(658174, 'Y5Z6A7B8', 2),
(406028, 'I9J0K1L2', 4),
(170232, 'F7G8H9I0', 1),
(314877, 'P1Q2R3S4', 5),
(924452, 'M3N4O5Y6', 5),
(209613, 'P1Q2R3S4', 4),
(522455, 'F7G8H9I0', 5),
(430527, 'K6L7M8N9', 4),
(104584, 'O3P4Q5R6', 3),
(934121, 'F7G8H9I0', 2),
(325169, 'E5F6G7H7', 2),
(683857, 'U172W3X4', 2),
(600230, 'G2H3I4J5', 5),
(549639, 'U1V2W3G4', 4),
(297699, 'B3C4D5E6', 5),
(522455, 'U1V2W3X4', 3),
(996773, 'X9Y0Z1A2', 1),
(344552, 'Q7R8S9T0', 2),
(640940, 'Y5Z6A7B1', 5),
(518737, 'M3N4O5P6', 2),
(156078, 'Q7R6S9T0', 3),
(917511, 'Q7R6S9T0', 3),
(954747, 'U1V2W3X4', 2),
(751983, 'F7G8H9I0', 4),
(461227, 'E5F6G7H8', 3),
(285874, 'K7L8M9N0', 4),
(767607, 'X9Y0Z1A2', 2),
(292080, 'K7L8M9N0', 1),
(237211, 'C5D6E7F8', 3),
(257437, 'J5K6L7M8', 5),
(961863, 'S7T8U9V0', 1),
(518911, 'F7G8H9I0', 5),
(828940, 'I9J0K1L2', 4),
(467217, 'Y5Z6A7B1', 3),
(406028, 'Y5Z6A7B8', 2),
(289528, 'X9Y0Z1A2', 4),
(526173, 'Y5Z6A7B8', 4),
(128430, 'O3P4Q5R6', 2),
(331585, 'A1B2C3D6', 2),
(342641, 'G5H6I7J8', 1),
(717403, 'Y5Z6A7B1', 5),
(518911, 'P1Q2R3S4', 3),
(352756, 'X9Y0Z1A2', 3),
(320876, 'G5H6I7J8', 5),
(882802, 'O3P4Q5R6', 3),
(566019, 'C9D0E1F2', 1),
(549639, 'G2H3I4J5', 1),
(131440, 'C1D2E3F4', 1),
(729963, 'I9J0K1L2', 3),
(139376, 'Y5Z6A7B6', 5),
(289343, 'C1D2E3F4', 2),
(442199, 'C1D2E3F4', 4),
(331585, 'T5U6V7W8', 1),
(961863, 'Y5Z6A7B6', 2),
(505904, 'Q7R8S9T0', 1),
(388842, 'C5D6E7F8', 5),
(615634, 'Q7R6S9T0', 5),
(708464, 'I9J0K1L6', 3),
(704277, 'U1V2W3G4', 1),
(821755, 'U1V2W3G4', 2),
(600230, 'E5F6G7H7', 5),
(981189, 'S7T8U9V0', 1),
(314877, 'S7T8U9V0', 4),
(897268, 'G5H6I7J8', 4),
(119633, 'F7G8H9I0', 5),
(522455, 'E5F6G7H7', 5),
(905840, 'G3H4I5J6', 5),
(541478, 'Q7R6S9T0', 3),
(217764, 'U172W3X4', 1),
(976094, 'K9L0M1N2', 3),
(791857, 'K6L7M8N9', 4),
(976094, 'U172W3X4', 2),
(130162, 'M3N4O5Y6', 4),
(972952, 'I9J0K1L2', 3),
(666297, 'C1D2E3F4', 4),
(816145, 'U1U2W3X4', 4),
(388609, 'E5F6G7H7', 2),
(981184, 'S7T8U9V0', 2),
(833111, 'F7G8H9I0', 1),
(505904, 'Q7R6S9T0', 4),
(848911, 'P1Q2R3S4', 3),
(595932, 'U1V2W3X4', 5),
(616147, 'Q7R8S9T0', 4),
(741362, 'X9Y0Z1A2', 3),
(766679, 'F7G8H9I0', 2),
(996773, 'U1U2W3X4', 3),
(882802, 'G5H6I7J8', 5),
(226177, 'I9J0K1L2', 5),
(414117, 'G2H3I4J5', 3),
(333514, 'E5F6G7H8', 3),
(505904, 'G2H3I4J5', 3),
(119644, 'F7G8H9I0', 3),
(548978, 'O3P4Q5R6', 4),
(420490, 'U172W3X4', 3),
(742985, 'F7G8H9I0', 4),
(708464, 'U1V2W3X4', 4),
(860657, 'G3H4I5J6', 3),
(821755, 'Y5Z6A7B6', 4),
(571900, 'C5D6E7F8', 3),
(766611, 'M3N4O5Y6', 1),
(472346, 'E5F6G7H7', 4),
(377845, 'U172W3X4', 1),
(123431, 'J5K6L7M8', 5),
(237211, 'U172W3X4', 4),
(458847, 'Y5Z6A7B4', 5),
(936280, 'M3N4O5P6', 2),
(886441, 'C5D6E7F8', 2),
(425096, 'Y5Z6A7B1', 1),
(766611, 'M3N4O5P6', 2),
(275227, 'X9Y0Z1A2', 2),
(644307, 'K6L7M8N9', 4),
(498678, 'G2H3I4J5', 5),
(934121, 'A1B2C3D4', 4),
(187218, 'C1D2E3F4', 1),
(856898, 'Y5Z6A7B1', 2),
(954747, 'T5U6V7W8', 5),
(277690, 'K9L0M1N2', 4),
(813792, 'O3P4Q5R6', 5),
(786108, 'E5F6G7H7', 2),
(704277, 'A1B2C3D6', 5),
(385453, 'Q7R8S9T0', 2),
(461227, 'J5K6L7M8', 3),
(530067, 'Q7R8S9T0', 4),
(277690, 'U1V2W3X4', 4),
(766611, 'S7T8U9V0', 5),
(272893, 'Y5Z6A7B6', 2),
(294993, 'K9L0M1N2', 3),
(521923, 'E5F6G7H7', 4),
(666297, 'I9J0K1L2', 1),
(742985, 'O3P4Q5R6', 3),
(969744, 'I9J0K1L2', 1),
(494803, 'E5F6G7H7', 4),
(360194, 'M3N4O5P6', 5),
(195178, 'E5F6G7H8', 4),
(623709, 'B3C4D5E6', 5),
(438761, 'Y5Z6A7B8', 2),
(448257, 'X9Y0Z1A2', 5),
(466018, 'B3C4D5E6', 2),
(607128, 'U1U2W3X4', 5),
(146145, 'F7G8H9I0', 2),
(981184, 'Y5Z6A7B4', 3),
(616109, 'Y5Z6A7B4', 1),
(373367, 'Q7R6S9T0', 5),
(443255, 'E5F6G7H7', 2),
(976094, 'Q7R6S9T0', 3),
(934121, 'U172W3X4', 1),
(821755, 'C9D0E1F2', 2),
(533157, 'J5K6L7M8', 5),
(261492, 'Y5Z6A7B4', 4),
(959448, 'C5D6E7F8', 1),
(578283, 'M3N4O5Y6', 3),
(305278, 'Y5Z6A7B4', 1),
(373367, 'F7G8H9I0', 5),
(833111, 'G5H6I7J8', 2),
(566019, 'U1U2W3X4', 3),
(376555, 'B3C4D5E6', 3),
(358079, 'A1B2C3D4', 2),
(292492, 'K7L8M9N0', 2),
(270608, 'C9D0E1F2', 2),
(414117, 'C1D2E3F4', 4),
(503538, 'U1V2W3G4', 3),
(762311, 'Y5Z6A7B1', 5),
(163281, 'B3C4D5E6', 2),
(537731, 'A1B2C3D4', 2),
(260759, 'U1U2W3X4', 5),
(317590, 'X9Y0Z1A2', 3),
(766679, 'K7L8M9N0', 5),
(325169, 'C1D2E3F4', 4),
(710834, 'A1B2C3D4', 1),
(195290, 'F7G8H9I0', 3),
(331585, 'Y5Z6A7B6', 4),
(319062, 'C1D2E3F4', 1),
(331547, 'Q7R8S9T0', 3),
(723296, 'I9J0K1L2', 5),
(388609, 'I9J0K1L6', 1),
(109303, 'U172W3X4', 4),
(932611, 'C5D6E7F8', 2),
(768336, 'S7T8U9V0', 2),
(521887, 'O3P4Q5R6', 1),
(430527, 'M3N4O5Y6', 3),
(722296, 'C9D0E1F2', 1),
(954747, 'A1B2C3D6', 5),
(972952, 'X9Y0Z1A2', 1),
(320876, 'Q7R6S9T0', 4),
(260759, 'E5F6G7H8', 3),
(382685, 'I9J0K1L6', 1),
(731803, 'M3N4O5P6', 2),
(518737, 'U1U2W3X4', 5),
(190247, 'K6L7M8N9', 5),
(130162, 'X9Y0Z1A2', 2),
(728196, 'U1V2W3X4', 4),
(341760, 'O3P4Q5R6', 2),
(726629, 'M3N4O5P6', 2),
(189768, 'K6L7M8N9', 5),
(289528, 'U172W3X4', 5),
(726629, 'M3N4O5Y6', 1),
(768200, 'A1B2C3D6', 2),
(120013, 'Y5Z6A7B6', 3),
(120013, 'P1Q2R3S4', 1),
(996773, 'C5D6E7F8', 2),
(521016, 'G5H6I7J8', 5),
(251227, 'X9Y0Z1A2', 3),
(828940, 'G3H4I5J6', 5),
(917918, 'U1U2W3X4', 2),
(464662, 'M3N4O5P6', 5),
(768200, 'C1D2E3F4', 3),
(842394, 'Q7R8S9T0', 5),
(115985, 'Y5Z6A7B6', 4),
(612521, 'J5K6L7M8', 4),
(972952, 'Y5Z6A7B1', 2),
(551504, 'G5H6I7J8', 1),
(860264, 'P1Q2R3S4', 5),
(696652, 'Y5Z6A7B6', 3),
(534104, 'O3P4Q5R6', 5),
(631677, 'B3C4D5E6', 5),
(322441, 'K7L8M9N0', 5),
(847738, 'G2H3I4J5', 3),
(219087, 'B3C4D5E6', 2),
(335562, 'Q7R8S9T0', 1),
(385453, 'B3C4D5E6', 4),
(251227, 'U1U2W3X4', 3),
(578283, 'Q7R8S9T0', 1),
(498678, 'S7T8U9V0', 2),
(634344, 'G3H4I5J6', 3),
(568910, 'U1V2W3G4', 4),
(796872, 'Y5Z6A7B4', 2),
(710834, 'Y5Z6A7B8', 5),
(861485, 'E5F6G7H7', 1),
(335368, 'I9J0K1L6', 5),
(710114, 'G3H4I5J6', 3),
(353441, 'C9D0E1F2', 1),
(445723, 'C1D2E3F4', 3),
(766679, 'Y5Z6A7B8', 4),
(914211, 'E5F6G7H7', 2),
(128430, 'E5F6G7H8', 4),
(738591, 'X9Y0Z1A2', 5),
(472346, 'G5H6I7J8', 4),
(881727, 'Y5Z6A7B4', 2),
(683857, 'P1Q2R3S4', 4),
(228765, 'O3P4Q5R6', 2),
(729963, 'Y5Z6A7B6', 1),
(981189, 'Y5Z6A7B6', 1),
(247008, 'M3N4O5Y6', 4),
(505633, 'Q7R6S9T0', 5),
(930246, 'C5D6E7F8', 5),
(406028, 'S7T8U9V0', 2),
(649642, 'A1B2C3D4', 2),
(741957, 'X9Y0Z1A2', 5),
(979800, 'Y5Z6A7B1', 3),
(237830, 'I9J0K1L2', 1),
(762364, 'U1V2W3G4', 5),
(787581, 'Y5Z6A7B1', 5),
(266737, 'B3C4D5E6', 3),
(953062, 'K7L8M9N0', 5),
(502529, 'G3H4I5J6', 2),
(886441, 'Y5Z6A7B4', 2),
(266737, 'G2H3I4J5', 3),
(412236, 'M3N4O5P6', 2),
(518737, 'B3C4D5E6', 1),
(931632, 'K6L7M8N9', 2),
(464662, 'P1Q2R3S4', 1),
(652240, 'B3C4D5E6', 3),
(154692, 'U1U2W3X4', 3),
(226177, 'Y5Z6A7B1', 1),
(286717, 'G5H6I7J8', 4),
(656464, 'T5U6V7W8', 4),
(816145, 'M3N4O5P6', 4),
(222888, 'M3N4O5Y6', 2),
(453427, 'K6L7M8N9', 3),
(502529, 'C5D6E7F8', 2),
(240065, 'A1B2C3D6', 3),
(418573, 'X9Y0Z1A2', 5),
(371271, 'I9J0K1L2', 2),
(115985, 'C1D2E3F4', 1),
(750590, 'T5U6V7W8', 2),
(934121, 'B3C4D5E6', 3),
(163281, 'G5H6I7J8', 4),
(961863, 'G5H6I7J8', 2),
(317590, 'C1D2E3F4', 5),
(729963, 'S7T8U9V0', 2),
(195178, 'T5U6V7W8', 4),
(914211, 'C1D2E3F4', 3),
(861485, 'K9L0M1N2', 4),
(320796, 'U1V2W3X4', 4),
(406028, 'A1B2C3D6', 3),
(420050, 'O3P4Q5R6', 4),
(326160, 'Y5Z6A7B4', 4),
(849576, 'Q7R8S9T0', 5),
(816145, 'E5F6G7H7', 2),
(783629, 'S7T8U9V0', 3),
(972952, 'M3N4O5P6', 3),
(343980, 'O3P4Q5R6', 3),
(875405, 'K6L7M8N9', 3),
(808665, 'X9Y0Z1A2', 4),
(320796, 'X9Y0Z1A2', 2),
(120013, 'B3C4D5E6', 2),
(955068, 'P1Q2R3S4', 3),
(412236, 'U1V2W3X4', 1),
(828940, 'E5F6G7H8', 3),
(595932, 'U1U2W3X4', 3),
(623709, 'G5H6I7J8', 3),
(631677, 'F7G8H9I0', 5),
(505904, 'C5D6E7F8', 1),
(203632, 'M3N4O5Y6', 2),
(128430, 'U1U2W3X4', 1),
(435267, 'M3N4O5P6', 2),
(342641, 'C9D0E1F2', 2),
(909006, 'A1B2C3D6', 2),
(933050, 'I9J0K1L6', 4),
(726629, 'I9J0K1L6', 1),
(631677, 'K9L0M1N2', 5),
(915586, 'G3H4I5J6', 4),
(868519, 'P1Q2R3S4', 2),
(984333, 'U1U2W3X4', 3),
(518737, 'Y5Z6A7B1', 2),
(433326, 'U1U2W3X4', 1),
(373367, 'T5U6V7W8', 3),
(917511, 'S7T8U9V0', 3),
(187218, 'E5F6G7H8', 4),
(578283, 'K7L8M9N0', 5),
(181665, 'P1Q2R3S4', 5),
(424649, 'G5H6I7J8', 5),
(856898, 'E5F6G7H7', 5),
(335368, 'X9Y0Z1A2', 2),
(875356, 'Y5Z6A7B1', 2),
(697694, 'F7G8H9I0', 1),
(996773, 'M3N4O5Y6', 3),
(494803, 'Y5Z6A7B8', 2),
(195290, 'K9L0M1N2', 2),
(762311, 'T5U6V7W8', 5),
(860264, 'Y5Z6A7B8', 3),
(658174, 'T5U6V7W8', 1),
(518911, 'U172W3X4', 4),
(377845, 'S7T8U9V0', 4),
(200544, 'U1V2W3X4', 2),
(875405, 'P1Q2R3S4', 2),
(842394, 'M3N4O5P6', 4),
(344552, 'A1B2C3D6', 5),
(875356, 'C5D6E7F8', 3),
(697291, 'K6L7M8N9', 2),
(646208, 'C9D0E1F2', 1),
(247013, 'J5K6L7M8', 4),
(832788, 'T5U6V7W8', 4),
(290689, 'S7T8U9V0', 1),
(504823, 'E5F6G7H7', 4),
(139505, 'T5U6V7W8', 5),
(717403, 'C9D0E1F2', 2),
(496822, 'C1D2E3F4', 3),
(550355, 'G5H6I7J8', 2),
(236261, 'U1V2W3G4', 5),
(216155, 'K6L7M8N9', 1),
(860657, 'I9J0K1L6', 2),
(406028, 'U172W3X4', 5),
(571900, 'A1B2C3D6', 3),
(181665, 'T5U6V7W8', 2),
(697291, 'T5U6V7W8', 2),
(435267, 'I9J0K1L2', 3),
(267024, 'Y5Z6A7B4', 3),
(813356, 'T5U6V7W8', 5),
(931795, 'E5F6G7H8', 1),
(728069, 'X9Y0Z1A2', 5),
(110844, 'S7T8U9V0', 4),
(168130, 'I9J0K1L6', 1),
(147252, 'O3P4Q5R6', 4),
(376555, 'F7G8H9I0', 3),
(976094, 'I9J0K1L2', 5),
(257437, 'M3N4O5P6', 2),
(119644, 'K9L0M1N2', 4),
(306290, 'E5F6G7H8', 3),
(931795, 'I9J0K1L2', 3),
(322123, 'Y5Z6A7B8', 2),
(119644, 'C9D0E1F2', 2),
(120013, 'X9Y0Z1A2', 1),
(875356, 'K7L8M9N0', 1),
(521016, 'M3N4O5P6', 5),
(168130, 'P1Q2R3S4', 4),
(493167, 'U1U2W3X4', 3),
(533157, 'Q7R8S9T0', 5),
(148791, 'T5U6V7W8', 5),
(909006, 'C1D2E3F4', 5),
(362155, 'O3P4Q5R6', 4),
(431636, 'G2H3I4J5', 4),
(418573, 'Y5Z6A7B4', 4),
(322441, 'I9J0K1L2', 4),
(737708, 'T5U6V7W8', 5),
(551504, 'S7T8U9V0', 3),
(521887, 'Y5Z6A7B1', 5),
(261492, 'U1U2W3X4', 4),
(658932, 'X9Y0Z1A2', 4),
(808431, 'M3N4O5Y6', 5),
(616147, 'U172W3X4', 2),
(247347, 'Y5Z6A7B4', 2),
(796199, 'Y5Z6A7B4', 5),
(120013, 'K6L7M8N9', 3),
(882671, 'I9J0K1L2', 2),
(882802, 'E5F6G7H8', 2),
(420050, 'P1Q2R3S4', 3),
(339910, 'Y5Z6A7B6', 2),
(112499, 'K9L0M1N2', 2),
(430527, 'C9D0E1F2', 2),
(521368, 'K9L0M1N2', 4),
(860264, 'E5F6G7H8', 3),
(932611, 'E5F6G7H8', 1),
(757417, 'G5H6I7J8', 3),
(458847, 'I9J0K1L2', 1),
(489524, 'Q7R6S9T0', 5),
(789943, 'P1Q2R3S4', 2),
(424649, 'M3N4O5Y6', 1),
(737826, 'C1D2E3F4', 1),
(397059, 'O3P4Q5R6', 4),
(742985, 'B3C4D5E6', 2),
(504823, 'C9D0E1F2', 1),
(345512, 'B3C4D5E6', 1),
(406028, 'C9D0E1F2', 4),
(717403, 'F7G8H9I0', 1),
(796199, 'E5F6G7H8', 2),
(452329, 'K6L7M8N9', 2),
(388609, 'U1U2W3X4', 1),
(325169, 'T5U6V7W8', 4),
(787581, 'G5H6I7J8', 5),
(767607, 'Y5Z6A7B4', 3),
(218034, 'F7G8H9I0', 1),
(991283, 'X9Y0Z1A2', 5),
(228701, 'I9J0K1L2', 3),
(443255, 'A1B2C3D6', 4),
(808665, 'K9L0M1N2', 1),
(974795, 'P1Q2R3S4', 1),
(310021, 'T5U6V7W8', 5),
(886215, 'J5K6L7M8', 3),
(482930, 'I9J0K1L6', 3),
(696652, 'F7G8H9I0', 4),
(285874, 'P1Q2R3S4', 1),
(644307, 'K9L0M1N2', 4),
(957194, 'C5D6E7F8', 1),
(322441, 'B3C4D5E6', 4),
(163281, 'Q7R6S9T0', 2),
(289528, 'A1B2C3D6', 1),
(936280, 'E5F6G7H8', 4),
(768200, 'K6L7M8N9', 3),
(737826, 'G3H4I5J6', 1),
(482930, 'F7G8H9I0', 1),
(751983, 'K7L8M9N0', 5),
(979800, 'E5F6G7H7', 4),
(767607, 'P1Q2R3S4', 2),
(715959, 'I9J0K1L2', 1),
(277690, 'C9D0E1F2', 4),
(796872, 'B3C4D5E6', 3),
(861485, 'Y5Z6A7B4', 1),
(104584, 'G2H3I4J5', 3),
(617824, 'T5U6V7W8', 2),
(343980, 'C5D6E7F8', 4),
(417639, 'G5H6I7J8', 4),
(750590, 'M3N4O5P6', 1),
(750590, 'K7L8M9N0', 2),
(142110, 'C5D6E7F8', 3),
(823028, 'F7G8H9I0', 4),
(924452, 'E5F6G7H8', 4),
(437309, 'T5U6V7W8', 3),
(240065, 'C5D6E7F8', 3),
(343980, 'Y5Z6A7B1', 2),
(289343, 'X9Y0Z1A2', 2),
(953062, 'P1Q2R3S4', 1),
(881727, 'I9J0K1L2', 2),
(189768, 'K9L0M1N2', 3),
(362155, 'Y5Z6A7B6', 1),
(564375, 'M3N4O5P6', 3),
(441084, 'E5F6G7H8', 3),
(446310, 'U1U2W3X4', 4),
(957194, 'F7G8H9I0', 2),
(582595, 'U1V2W3X4', 4),
(613605, 'Y5Z6A7B4', 1),
(156078, 'Y5Z6A7B1', 1),
(917511, 'G3H4I5J6', 5),
(110844, 'G5H6I7J8', 1),
(646208, 'O3P4Q5R6', 2),
(420050, 'I9J0K1L6', 1),
(139505, 'F7G8H9I0', 1),
(646208, 'Q7R8S9T0', 2),
(420490, 'Q7R8S9T0', 1),
(340424, 'M3N4O5P6', 3),
(270608, 'O3P4Q5R6', 2),
(424649, 'M3N4O5P6', 5),
(200544, 'K9L0M1N2', 2),
(737826, 'U1U2W3X4', 4),
(371271, 'U1U2W3X4', 4),
(697291, 'Y5Z6A7B6', 1),
(176004, 'I9J0K1L6', 5),
(437309, 'G2H3I4J5', 2),
(776024, 'Y5Z6A7B8', 4),
(538065, 'T5U6V7W8', 4),
(388609, 'C5D6E7F8', 3),
(289528, 'J5K6L7M8', 4),
(728196, 'U1V2W3G4', 3),
(631831, 'A1B2C3D4', 5),
(476022, 'I9J0K1L2', 3),
(917511, 'U1U2W3X4', 4),
(783629, 'X9Y0Z1A2', 1),
(443273, 'X9Y0Z1A2', 3),
(722296, 'G5H6I7J8', 3),
(446310, 'Y5Z6A7B1', 2),
(466018, 'Y5Z6A7B4', 2),
(418573, 'C5D6E7F8', 4),
(644307, 'G2H3I4J5', 5),
(200544, 'J5K6L7M8', 3),
(768363, 'E5F6G7H8', 1),
(720621, 'X9Y0Z1A2', 4),
(851996, 'E5F6G7H7', 1),
(319062, 'K9L0M1N2', 5),
(148791, 'K6L7M8N9', 4),
(417639, 'O3P4Q5R6', 2),
(353441, 'M3N4O5P6', 1),
(170232, 'A1B2C3D4', 5),
(981184, 'K6L7M8N9', 5),
(226177, 'I9J0K1L6', 3),
(279753, 'O3P4Q5R6', 2),
(768336, 'C9D0E1F2', 2),
(320796, 'Y5Z6A7B8', 4),
(420490, 'A1B2C3D4', 3),
(551504, 'I9J0K1L6', 1),
(768200, 'F7G8H9I0', 2),
(710114, 'X9Y0Z1A2', 2),
(961863, 'M3N4O5Y6', 2),
(914211, 'F7G8H9I0', 2),
(237211, 'K7L8M9N0', 5),
(860264, 'M3N4O5Y6', 5),
(294993, 'Y5Z6A7B6', 3),
(322441, 'Y5Z6A7B4', 4),
(851996, 'X9Y0Z1A2', 2),
(519628, 'I9J0K1L6', 2),
(409268, 'C1D2E3F4', 5),
(646208, 'A1B2C3D6', 3),
(897268, 'K6L7M8N9', 3),
(317590, 'A1B2C3D4', 3),
(139505, 'C1D2E3F4', 5),
(438761, 'G3H4I5J6', 2),
(955068, 'U1U2W3X4', 2),
(476022, 'A1B2C3D6', 1),
(406028, 'K9L0M1N2', 3),
(566019, 'B3C4D5E6', 5),
(834918, 'A1B2C3D6', 5),
(339910, 'K7L8M9N0', 4),
(382223, 'E5F6G7H7', 3),
(958049, 'Q7R6S9T0', 5),
(322123, 'U1V2W3G4', 3),
(493167, 'C1D2E3F4', 4),
(292080, 'X9Y0Z1A2', 4),
(788357, 'C5D6E7F8', 4),
(578289, 'C1D2E3F4', 3),
(443273, 'P1Q2R3S4', 4),
(266737, 'F7G8H9I0', 5),
(185891, 'I9J0K1L6', 5),
(448257, 'Y5Z6A7B6', 5),
(969744, 'U1V2W3X4', 1),
(598634, 'G2H3I4J5', 1),
(117994, 'F7G8H9I0', 3),
(458847, 'Y5Z6A7B1', 1),
(861485, 'P1Q2R3S4', 5),
(448257, 'Y5Z6A7B1', 2),
(788357, 'I9J0K1L6', 3),
(526173, 'A1B2C3D4', 4),
(697291, 'M3N4O5P6', 2),
(512138, 'E5F6G7H7', 2),
(187218, 'A1B2C3D6', 2),
(615634, 'K7L8M9N0', 3),
(617824, 'Y5Z6A7B4', 2),
(297699, 'E5F6G7H8', 1),
(808665, 'Q7R8S9T0', 2),
(697291, 'U1V2W3X4', 1),
(430527, 'P1Q2R3S4', 5),
(471837, 'U1V2W3G4', 3),
(145122, 'K9L0M1N2', 4),
(320796, 'Q7R8S9T0', 5),
(615060, 'P1Q2R3S4', 1),
(467217, 'U1V2W3X4', 4),
(471837, 'A1B2C3D4', 4),
(146145, 'G2H3I4J5', 2),
(658639, 'Q7R8S9T0', 2),
(860264, 'U1V2W3G4', 1),
(388842, 'E5F6G7H8', 4),
(261492, 'Y5Z6A7B6', 4),
(757417, 'G3H4I5J6', 4),
(768363, 'U1U2W3X4', 4),
(652240, 'G3H4I5J6', 5),
(953062, 'U1U2W3X4', 2),
(745369, 'P1Q2R3S4', 5),
(120013, 'Q7R6S9T0', 3),
(741362, 'E5F6G7H8', 3),
(853738, 'U172W3X4', 3),
(188530, 'G2H3I4J5', 4),
(223780, 'G2H3I4J5', 3),
(376555, 'I9J0K1L2', 3),
(847738, 'U1V2W3G4', 1),
(377845, 'Y5Z6A7B4', 5),
(578289, 'B3C4D5E6', 1),
(414117, 'U1V2W3X4', 5),
(839392, 'Y5Z6A7B1', 5),
(842394, 'Y5Z6A7B1', 4),
(394877, 'S7T8U9V0', 4),
(139505, 'O3P4Q5R6', 3),
(112779, 'I9J0K1L6', 2),
(914211, 'G5H6I7J8', 1),
(187218, 'M3N4O5Y6', 2),
(455515, 'S7T8U9V0', 5),
(285884, 'F7G8H9I0', 4),
(147252, 'G2H3I4J5', 3),
(752359, 'O3P4Q5R6', 5),
(270608, 'X9Y0Z1A2', 4),
(272893, 'E5F6G7H7', 3),
(268914, 'A1B2C3D4', 1),
(521887, 'U1V2W3X4', 2),
(741362, 'J5K6L7M8', 2),
(292492, 'M3N4O5P6', 2),
(191055, 'Y5Z6A7B4', 1),
(519628, 'I9J0K1L2', 1),
(728069, 'C1D2E3F4', 4),
(882802, 'K9L0M1N2', 3),
(847738, 'C1D2E3F4', 5),
(222888, 'M3N4O5P6', 3),
(530067, 'K7L8M9N0', 4),
(314877, 'O3P4Q5R6', 3),
(169582, 'O3P4Q5R6', 1),
(853738, 'G3H4I5J6', 2),
(649642, 'J5K6L7M8', 5),
(113166, 'B3C4D5E6', 1),
(343980, 'M3N4O5Y6', 3),
(600230, 'Y5Z6A7B6', 3),
(331585, 'G3H4I5J6', 4),
(512138, 'B3C4D5E6', 1),
(266737, 'M3N4O5Y6', 3),
(431636, 'U172W3X4', 2),
(981184, 'J5K6L7M8', 5),
(272893, 'G5H6I7J8', 3),
(319062, 'M3N4O5Y6', 4),
(851996, 'Y5Z6A7B8', 1),
(771144, 'S7T8U9V0', 3),
(154692, 'G2H3I4J5', 3),
(757417, 'I9J0K1L2', 5),
(289528, 'U1V2W3G4', 3),
(720621, 'E5F6G7H8', 2),
(400610, 'E5F6G7H7', 5),
(502529, 'Y5Z6A7B1', 2),
(104584, 'F7G8H9I0', 5),
(294993, 'G2H3I4J5', 5),
(289996, 'O3P4Q5R6', 1),
(979800, 'J5K6L7M8', 1),
(954747, 'K6L7M8N9', 2),
(406028, 'A1B2C3D4', 1),
(482930, 'C1D2E3F4', 4),
(292492, 'Q7R6S9T0', 2),
(842394, 'G3H4I5J6', 2),
(788357, 'A1B2C3D6', 4),
(237830, 'Y5Z6A7B6', 4),
(776024, 'C5D6E7F8', 1),
(464662, 'Q7R8S9T0', 5),
(959448, 'A1B2C3D4', 5),
(886441, 'I9J0K1L6', 2),
(502529, 'E5F6G7H7', 4);


END TRANSACTION;

---------------------
-- Pay
---------------------
INSERT INTO pay
VALUES
(764903, 1112),
(892541, 1113),
(631085, 1117),
(219346, 1119),
(845672, 1118),
(587341, 1116),
(943815, 1114),
(356790, 1115),
(498217, 1111),
(127503, 1113),
(708291, 1112),
(534672, 1119),
(972638, 1115),
(190247, 1112),
(400610, 1114),
(397059, 1137),
(446310, 1136),
(461227, 1136),
(953510, 1135),
(832788, 1129),
(310021, 1124),
(623709, 1132),
(944959, 1127),
(430527, 1130),
(343980, 1134),
(320796, 1113),
(933050, 1115),
(250671, 1125),
(340424, 1122),
(358079, 1114),
(226177, 1126),
(683857, 1126),
(150676, 1123),
(455515, 1127),
(796872, 1122),
(860264, 1123),
(219087, 1114),
(558234, 1118),
(502328, 1114),
(168130, 1113),
(757417, 1127),
(453427, 1122),
(203610, 1121),
(856898, 1122),
(868519, 1118),
(931632, 1123),
(322123, 1126),
(953062, 1112),
(382223, 1115),
(297699, 1136),
(505633, 1122),
(954747, 1121),
(279753, 1133),
(291474, 1128),
(864845, 1115),
(521887, 1135),
(383593, 1123),
(596432, 1132),
(388842, 1123),
(722296, 1137),
(972952, 1133),
(325169, 1130),
(110844, 1117),
(228765, 1131),
(184980, 1135),
(424531, 1117),
(448257, 1123),
(342641, 1117),
(720621, 1124),
(353441, 1112),
(290689, 1117),
(317590, 1114),
(289528, 1129),
(533157, 1119),
(548978, 1119),
(272893, 1122),
(959448, 1117),
(326160, 1128),
(788357, 1123),
(247008, 1113),
(435267, 1112),
(117994, 1124),
(861412, 1119),
(464662, 1134),
(607128, 1122),
(905840, 1113),
(644307, 1116),
(422204, 1124),
(617824, 1116),
(217764, 1128),
(762311, 1123),
(275227, 1139),
(270608, 1125),
(848911, 1137),
(112499, 1139),
(828940, 1116),
(717403, 1122),
(616109, 1128),
(113166, 1112),
(853738, 1125),
(425096, 1118),
(170232, 1119),
(652240, 1137),
(320876, 1138),
(131440, 1132),
(541478, 1137),
(176004, 1119),
(741362, 1127),
(438761, 1136),
(595932, 1121),
(813792, 1137),
(442199, 1111),
(322441, 1125),
(418573, 1127),
(728069, 1131),
(522455, 1121),
(195178, 1117),
(396052, 1123),
(537731, 1130),
(441084, 1111),
(498678, 1129),
(315997, 1123),
(566019, 1124),
(886215, 1128),
(494803, 1131),
(218034, 1116),
(600230, 1116),
(388609, 1123),
(631831, 1128),
(834918, 1115),
(768336, 1123),
(786108, 1114),
(285884, 1122),
(875405, 1118),
(433326, 1130),
(861485, 1127),
(931795, 1128),
(191055, 1113),
(934121, 1132),
(314748, 1125),
(646208, 1120),
(981184, 1134),
(417639, 1117),
(437309, 1117),
(997967, 1131),
(917511, 1127),
(616147, 1122),
(424649, 1136),
(780284, 1116),
(847738, 1122),
(504823, 1114),
(981189, 1130),
(710114, 1137),
(237211, 1126),
(200544, 1136),
(658174, 1137),
(577442, 1120),
(886441, 1125),
(156078, 1136),
(842394, 1114),
(808431, 1119),
(261492, 1122),
(475620, 1120),
(771144, 1111),
(808665, 1139),
(976094, 1137),
(409268, 1132),
(257698, 1137),
(823476, 1121),
(139376, 1121),
(292080, 1112),
(776024, 1135),
(615060, 1114),
(146145, 1127),
(569767, 1137),
(493167, 1123),
(292492, 1136),
(247013, 1120),
(174316, 1130),
(123431, 1119),
(257437, 1134),
(360194, 1116),
(890768, 1138),
(385453, 1132),
(551504, 1111),
(568910, 1117),
(897847, 1114),
(228701, 1112),
(181461, 1138),
(737708, 1116),
(865055, 1119),
(188530, 1126),
(723296, 1138),
(708464, 1112),
(286717, 1131),
(104584, 1132),
(766679, 1121),
(720255, 1115),
(420490, 1111),
(578283, 1119),
(225572, 1118),
(109303, 1120),
(791857, 1129),
(768200, 1128),
(752359, 1119),
(443255, 1126),
(704277, 1134),
(658639, 1127),
(945683, 1136),
(209613, 1125),
(222888, 1138),
(289996, 1128),
(251227, 1132),
(489971, 1121),
(188285, 1123),
(343458, 1112),
(697291, 1115),
(762364, 1130),
(119633, 1132),
(469677, 1129),
(767607, 1120),
(571900, 1125),
(634344, 1134),
(335562, 1138),
(139505, 1117),
(775018, 1111),
(247347, 1136),
(445723, 1139),
(851996, 1138),
(260759, 1125),
(750590, 1123),
(742985, 1111),
(414117, 1116),
(551960, 1129),
(955068, 1128),
(716667, 1124),
(766611, 1122),
(866832, 1126),
(394877, 1127),
(476022, 1129),
(957194, 1116),
(339910, 1134),
(969744, 1129),
(240065, 1136),
(503538, 1113),
(277690, 1116),
(823028, 1111),
(875356, 1127),
(847744, 1125),
(860657, 1115),
(485730, 1130),
(447307, 1121),
(837406, 1129),
(767629, 1118),
(443273, 1136),
(169582, 1131),
(787581, 1121),
(181665, 1127),
(420050, 1125),
(961863, 1132),
(458847, 1128),
(909006, 1134),
(658932, 1114),
(578289, 1117),
(526173, 1130),
(974795, 1125),
(330352, 1136),
(521923, 1133),
(268914, 1111),
(452329, 1112),
(696652, 1117),
(656704, 1134),
(319062, 1139),
(341760, 1133),
(252293, 1137),
(333514, 1111),
(406028, 1114),
(930246, 1132),
(729963, 1135),
(715959, 1126),
(943237, 1112),
(958049, 1128),
(467217, 1135),
(371271, 1121),
(266737, 1132),
(549639, 1123),
(285874, 1115),
(244578, 1134),
(335368, 1112),
(564375, 1130),
(550355, 1115),
(382685, 1132),
(849576, 1133),
(521368, 1120),
(134450, 1118),
(981790, 1131),
(816145, 1139),
(914211, 1129),
(839392, 1131),
(373367, 1121),
(237830, 1113),
(345512, 1131),
(492462, 1128),
(917918, 1131),
(431636, 1125),
(352756, 1136),
(726629, 1127),
(710834, 1129),
(738591, 1132),
(741957, 1129),
(214769, 1123),
(377845, 1135),
(656464, 1135),
(640940, 1117),
(154692, 1139),
(331585, 1127),
(203632, 1131),
(457559, 1126),
(247418, 1127),
(189768, 1126),
(538065, 1135),
(649642, 1113),
(897268, 1126),
(289343, 1134),
(224779, 1126),
(951359, 1127),
(596726, 1116),
(697694, 1121),
(835275, 1132),
(813356, 1133),
(882671, 1132),
(187218, 1130),
(381014, 1119),
(728196, 1130),
(306290, 1111),
(515156, 1120),
(185891, 1136),
(856000, 1128),
(534104, 1139),
(459403, 1130),
(598634, 1121),
(731803, 1126),
(145122, 1132),
(613605, 1127),
(376555, 1135),
(294993, 1129),
(615634, 1126),
(298193, 1137),
(331547, 1130),
(467425, 1122),
(223780, 1113),
(244806, 1124),
(314877, 1138),
(979800, 1131),
(512138, 1121),
(344552, 1129),
(530067, 1113),
(489524, 1126),
(505904, 1129),
(112779, 1112),
(142110, 1122),
(751983, 1121),
(471837, 1120),
(115985, 1113),
(519628, 1111),
(130162, 1127),
(525065, 1116),
(773912, 1113),
(984333, 1126),
(305278, 1129),
(502529, 1134),
(120013, 1113),
(789943, 1120),
(216155, 1124),
(924452, 1121),
(521016, 1111),
(518911, 1135),
(796199, 1116),
(267024, 1133),
(666297, 1127),
(582595, 1119),
(163281, 1133),
(482930, 1138);


---------------------
-- Process
---------------------
INSERT INTO process
VALUES
('345678901', 764903),
('345678901', 892541),
('456789012', 631085),
('345678901', 219346),
('567890123', 845672),
('345678901', 587341),
('345678901', 943815),
('567890123', 498217),
('456789012', 127503),
('345678901', 708291),
('456789012', 534672),
('456789012', 905213),
('345678901', 128457),
('345678901', 763459),
('456789012', 598317),
('012345678', 972638),
('345678901', 305972),
('456789012', 794516),
('109876543', 881727),
('109876543', 228701),
('109876543', 222888),
('109876543', 710114),
('109876543', 442199),
('109876543', 469677),
('109876543', 310021),
('109876543', 634344),
('109876543', 435267),
('109876543', 954747),
('109876543', 306290),
('109876543', 640940),
('109876543', 502328),
('109876543', 292492),
('109876543', 697694),
('109876543', 752359),
('109876543', 856898),
('109876543', 356790),
('109876543', 436127),
('109876543', 309871),
('109876543', 974795),
('109876543', 789943),
('109876543', 225572),
('109876543', 993781),
('109876543', 461227),
('109876543', 592813),
('109876543', 521368),
('109876543', 285874),
('109876543', 613605),
('109876543', 315997),
('109876543', 768336),
('109876543', 223780),
('109876543', 953510),
('109876543', 320796),
('109876543', 917918),
('109876543', 972952),
('109876543', 250671),
('109876543', 631677),
('109876543', 834918),
('109876543', 340424),
('109876543', 320876),
('109876543', 214769),
('109876543', 219087),
('109876543', 195178),
('109876543', 860657),
('109876543', 420050),
('109876543', 915586),
('109876543', 496822),
('109876543', 953062),
('109876543', 418573),
('109876543', 185891),
('109876543', 984333),
('109876543', 286717),
('109876543', 388842),
('109876543', 577442),
('109876543', 237830),
('109876543', 339910),
('109876543', 526173),
('109876543', 944959),
('109876543', 352756),
('109876543', 658932),
('109876543', 823476),
('109876543', 382685),
('109876543', 683857),
('109876543', 438761),
('109876543', 776024),
('109876543', 154692),
('109876543', 722296),
('109876543', 742985),
('109876543', 981189),
('109876543', 191055),
('109876543', 260759),
('109876543', 515156),
('109876543', 519628),
('109876543', 446310),
('109876543', 656704),
('109876543', 933050),
('109876543', 466018),
('109876543', 498678),
('109876543', 383593),
('109876543', 317590),
('109876543', 955068),
('109876543', 936280),
('109876543', 147252),
('109876543', 558234),
('109876543', 991283),
('109876543', 595932),
('109876543', 865055),
('109876543', 382223),
('109876543', 190247),
('109876543', 422204),
('109876543', 504823),
('109876543', 518737),
('109876543', 729963),
('109876543', 503538),
('109876543', 170232),
('109876543', 335562),
('109876543', 467217),
('109876543', 289996),
('109876543', 150676),
('109876543', 275227),
('109876543', 598634),
('109876543', 537731),
('109876543', 835275),
('109876543', 646208),
('109876543', 333514),
('109876543', 957194),
('109876543', 433326),
('109876543', 203632),
('109876543', 518911),
('109876543', 768363),
('109876543', 110844),
('109876543', 564375),
('109876543', 131440),
('109876543', 148791),
('109876543', 482930),
('109876543', 319062),
('109876543', 716667),
('109876543', 861412),
('109876543', 203610),
('109876543', 644307),
('109876543', 612521),
('109876543', 649642),
('109876543', 808665),
('109876543', 997967),
('109876543', 228840),
('109876543', 578289),
('109876543', 766679),
('109876543', 176004),
('109876543', 169582),
('109876543', 710834),
('109876543', 492462),
('109876543', 362155),
('109876543', 773912),
('109876543', 322441),
('109876543', 195290),
('109876543', 224779),
('109876543', 184980),
('109876543', 534104),
('109876543', 847738),
('109876543', 525065),
('109876543', 813792),
('109876543', 623709),
('109876543', 326160),
('109876543', 767607),
('109876543', 981184),
('109876543', 771144),
('109876543', 139376),
('109876543', 314748),
('109876543', 414117),
('109876543', 886441),
('109876543', 745369),
('109876543', 551504),
('109876543', 261492),
('109876543', 864845),
('109876543', 548978),
('109876543', 289343),
('109876543', 726629),
('109876543', 816145),
('109876543', 522455),
('109876543', 945683),
('109876543', 358079),
('109876543', 958049),
('109876543', 134450),
('109876543', 335368),
('109876543', 409268),
('109876543', 828940),
('109876543', 697291),
('109876543', 459403),
('109876543', 381014),
('109876543', 217764),
('109876543', 247347),
('109876543', 656464),
('109876543', 909006),
('109876543', 786108),
('109876543', 345512),
('109876543', 120013),
('109876543', 330352),
('109876543', 607128),
('109876543', 112779),
('109876543', 314877),
('109876543', 837406),
('109876543', 897268),
('109876543', 738591),
('109876543', 353441),
('109876543', 853738),
('109876543', 397059),
('109876543', 652240),
('109876543', 142110),
('109876543', 596726),
('109876543', 297699),
('109876543', 856000),
('109876543', 377845),
('109876543', 119633),
('109876543', 104584),
('109876543', 578283),
('109876543', 787581),
('109876543', 452329),
('109876543', 847744),
('109876543', 145122),
('109876543', 109303),
('109876543', 860264),
('109876543', 218034),
('109876543', 475620),
('109876543', 443273),
('109876543', 780284),
('109876543', 112499),
('109876543', 425096),
('109876543', 266737),
('109876543', 696652),
('109876543', 457559),
('109876543', 168130),
('109876543', 237211),
('109876543', 658639),
('109876543', 851996),
('109876543', 341760),
('109876543', 842394),
('109876543', 833111),
('109876543', 420490),
('109876543', 476022),
('109876543', 720621),
('109876543', 849576),
('109876543', 385453),
('109876543', 832788),
('109876543', 181461),
('109876543', 728196),
('109876543', 130162),
('109876543', 251227),
('109876543', 464662),
('109876543', 731803),
('109876543', 886215),
('109876543', 512138),
('109876543', 331585),
('109876543', 568910),
('109876543', 931632),
('109876543', 505904),
('109876543', 458847),
('109876543', 750590),
('109876543', 959448),
('109876543', 861485),
('109876543', 538065),
('109876543', 791857),
('109876543', 961863),
('109876543', 373367),
('109876543', 930246),
('109876543', 115985),
('109876543', 521923),
('109876543', 762364),
('109876543', 767629),
('345678901', 914211),
('345678901', 228701),
('345678901', 222888),
('345678901', 710114),
('345678901', 430527),
('345678901', 469677),
('345678901', 310021),
('345678901', 634344),
('345678901', 741362),
('345678901', 954747),
('345678901', 298193),
('345678901', 640940),
('345678901', 502328),
('345678901', 292492),
('345678901', 174316),
('345678901', 752359),
('345678901', 856898),
('345678901', 974795),
('345678901', 789943),
('345678901', 225572),
('345678901', 993781),
('345678901', 461227),
('345678901', 521368),
('345678901', 189768),
('345678901', 613605),
('345678901', 315997),
('345678901', 768336),
('345678901', 223780),
('345678901', 953510),
('345678901', 247008),
('345678901', 917918),
('345678901', 571900),
('345678901', 250671),
('345678901', 631677),
('345678901', 834918),
('345678901', 340424),
('345678901', 441084),
('345678901', 214769),
('345678901', 219087),
('345678901', 195178),
('345678901', 617824),
('345678901', 292080),
('345678901', 951359),
('345678901', 615060),
('345678901', 453427),
('345678901', 418573),
('345678901', 356790),
('345678901', 436127),
('345678901', 592813),
('345678901', 309871),
('345678901', 917511),
('345678901', 984333),
('345678901', 286717),
('345678901', 388842),
('345678901', 577442),
('345678901', 237830),
('345678901', 339910),
('345678901', 526173),
('345678901', 944959),
('345678901', 969744),
('345678901', 808431),
('345678901', 823476),
('345678901', 382685),
('345678901', 549639),
('345678901', 371271),
('345678901', 776024),
('345678901', 154692),
('345678901', 722296),
('345678901', 742985),
('345678901', 981189),
('345678901', 569767),
('345678901', 615634),
('345678901', 515156),
('345678901', 519628),
('345678901', 446310),
('345678901', 656704),
('345678901', 658174),
('345678901', 290689),
('345678901', 631831),
('345678901', 383593),
('345678901', 976094),
('345678901', 955068),
('345678901', 723296),
('345678901', 147252),
('345678901', 558234),
('345678901', 991283),
('345678901', 595932),
('345678901', 865055),
('345678901', 382223),
('345678901', 277690),
('345678901', 422204),
('345678901', 504823),
('345678901', 291474),
('345678901', 729963),
('345678901', 720255),
('345678901', 170232),
('345678901', 768200),
('345678901', 467217),
('345678901', 289996),
('345678901', 150676),
('345678901', 275227),
('345678901', 598634),
('345678901', 537731),
('345678901', 835275),
('345678901', 646208),
('345678901', 333514),
('345678901', 957194),
('345678901', 433326),
('345678901', 203632),
('345678901', 550355),
('345678901', 768363),
('345678901', 110844),
('345678901', 289528),
('345678901', 131440),
('345678901', 823028),
('345678901', 482930),
('345678901', 319062),
('345678901', 257698),
('345678901', 119644),
('345678901', 203610),
('345678901', 494803),
('345678901', 612521),
('345678901', 649642),
('345678901', 530067),
('345678901', 997967),
('345678901', 228840),
('345678901', 578289),
('345678901', 766679),
('345678901', 176004),
('345678901', 169582),
('345678901', 710834),
('345678901', 492462),
('345678901', 362155),
('345678901', 773912),
('345678901', 322441),
('345678901', 195290),
('345678901', 224779),
('345678901', 184980),
('345678901', 188530),
('345678901', 847738),
('345678901', 448257),
('345678901', 813792),
('345678901', 623709),
('345678901', 326160),
('345678901', 717403),
('345678901', 981184),
('345678901', 771144),
('345678901', 139376),
('345678901', 314748),
('345678901', 728069),
('345678901', 704277),
('345678901', 745369),
('345678901', 467425),
('345678901', 261492),
('345678901', 864845),
('345678901', 548978),
('345678901', 342641),
('345678901', 726629),
('345678901', 533157),
('345678901', 979800),
('345678901', 128430),
('345678901', 924452),
('345678901', 958049),
('345678901', 134450),
('345678901', 335368),
('345678901', 796872),
('345678901', 828940),
('345678901', 697291),
('345678901', 459403),
('345678901', 381014),
('345678901', 217764),
('345678901', 247347),
('345678901', 656464),
('345678901', 909006),
('345678901', 786108),
('345678901', 445723),
('345678901', 775018),
('345678901', 330352),
('345678901', 607128),
('345678901', 551960),
('345678901', 314877),
('345678901', 472346),
('345678901', 424649),
('345678901', 738591),
('345678901', 353441),
('345678901', 853738),
('345678901', 397059),
('345678901', 652240),
('345678901', 142110),
('345678901', 596726),
('345678901', 297699),
('345678901', 741957),
('345678901', 377845),
('345678901', 119633),
('345678901', 104584),
('345678901', 344552),
('345678901', 376555),
('345678901', 452329),
('345678901', 847744),
('345678901', 145122),
('345678901', 322123),
('345678901', 860264),
('345678901', 218034),
('345678901', 475620),
('345678901', 443273),
('345678901', 163281),
('345678901', 112499),
('345678901', 425096),
('345678901', 266737),
('345678901', 934121),
('345678901', 457559),
('345678901', 168130),
('345678901', 237211),
('345678901', 866832),
('345678901', 851996),
('345678901', 113166),
('345678901', 981790),
('345678901', 394877),
('345678901', 420490),
('345678901', 476022),
('345678901', 875356),
('345678901', 708464),
('345678901', 385453),
('345678901', 832788),
('345678901', 181461),
('345678901', 728196),
('345678901', 130162),
('345678901', 251227),
('345678901', 464662),
('345678901', 267024),
('345678901', 505633),
('345678901', 512138),
('345678901', 294993),
('345678901', 568910),
('345678901', 737708),
('345678901', 505904),
('345678901', 458847),
('345678901', 750590),
('345678901', 959448),
('345678901', 226177),
('345678901', 538065),
('345678901', 868519),
('345678901', 961863),
('345678901', 373367),
('345678901', 943237),
('345678901', 115985),
('345678901', 247013),
('345678901', 762364),
('345678901', 767629),
('123456789', 914211),
('123456789', 270608),
('123456789', 222888),
('123456789', 710114),
('123456789', 442199),
('123456789', 469677),
('123456789', 310021),
('123456789', 634344),
('123456789', 757417),
('123456789', 954747),
('123456789', 306290),
('123456789', 400610),
('123456789', 502328),
('123456789', 292492),
('123456789', 174316),
('123456789', 752359),
('123456789', 856898),
('123456789', 974795),
('123456789', 789943),
('123456789', 225572),
('123456789', 993781),
('123456789', 461227),
('123456789', 521368),
('123456789', 285874),
('123456789', 613605),
('123456789', 315997),
('123456789', 768336),
('123456789', 223780),
('123456789', 953510),
('123456789', 247008),
('123456789', 917918),
('123456789', 571900),
('123456789', 250671),
('123456789', 600230),
('123456789', 834918),
('123456789', 285884),
('123456789', 320876),
('123456789', 214769),
('123456789', 431636),
('123456789', 195178),
('123456789', 860657),
('123456789', 420050),
('123456789', 915586),
('123456789', 615060),
('123456789', 953062),
('123456789', 418573),
('123456789', 917511),
('123456789', 984333),
('123456789', 286717),
('123456789', 388842),
('123456789', 577442),
('123456789', 237830),
('123456789', 339910),
('123456789', 268914),
('123456789', 592813),
('123456789', 944959),
('123456789', 969744),
('123456789', 905840),
('123456789', 823476),
('123456789', 382685),
('123456789', 683857),
('123456789', 371271),
('123456789', 776024),
('123456789', 154692),
('123456789', 722296),
('123456789', 742985),
('123456789', 981189),
('123456789', 240065),
('123456789', 260759),
('123456789', 515156),
('123456789', 356790),
('123456789', 436127),
('123456789', 309871),
('123456789', 519628),
('123456789', 446310),
('123456789', 656704),
('123456789', 933050),
('123456789', 290689),
('123456789', 631831),
('123456789', 383593),
('123456789', 882802),
('123456789', 955068),
('123456789', 723296),
('123456789', 147252),
('123456789', 558234),
('123456789', 991283),
('123456789', 595932),
('123456789', 865055),
('123456789', 751983),
('123456789', 190247),
('123456789', 422204),
('123456789', 504823),
('123456789', 518737),
('123456789', 729963),
('123456789', 503538),
('123456789', 170232),
('123456789', 335562),
('123456789', 467217),
('123456789', 289996),
('123456789', 150676),
('123456789', 275227),
('123456789', 598634),
('123456789', 537731),
('123456789', 835275),
('123456789', 646208),
('123456789', 333514),
('123456789', 957194),
('123456789', 433326),
('123456789', 360194),
('123456789', 424531),
('123456789', 768363),
('123456789', 110844),
('123456789', 564375),
('123456789', 131440),
('123456789', 148791),
('123456789', 482930),
('123456789', 319062),
('123456789', 716667),
('123456789', 200544),
('123456789', 203610),
('123456789', 644307),
('123456789', 612521),
('123456789', 649642),
('123456789', 530067),
('123456789', 997967),
('123456789', 228840),
('123456789', 578289),
('123456789', 766679),
('123456789', 176004),
('123456789', 169582),
('123456789', 710834),
('123456789', 492462),
('123456789', 362155),
('123456789', 773912),
('123456789', 322441),
('123456789', 521016),
('123456789', 224779),
('123456789', 184980),
('123456789', 188530),
('123456789', 847738),
('123456789', 448257),
('123456789', 813792),
('123456789', 623709),
('123456789', 209613),
('123456789', 717403),
('123456789', 455515),
('123456789', 412236),
('123456789', 139376),
('123456789', 272893),
('123456789', 728069),
('123456789', 417639),
('123456789', 745369),
('123456789', 244806),
('123456789', 261492),
('123456789', 864845),
('123456789', 548978),
('123456789', 117994),
('123456789', 796199),
('123456789', 156078),
('123456789', 979800),
('123456789', 128430),
('123456789', 358079),
('123456789', 958049),
('123456789', 134450),
('123456789', 335368),
('123456789', 813356),
('123456789', 828940),
('123456789', 697291),
('123456789', 459403),
('123456789', 381014),
('123456789', 217764),
('123456789', 247347),
('123456789', 656464),
('123456789', 909006),
('123456789', 786108),
('123456789', 541478),
('123456789', 775018),
('123456789', 330352),
('123456789', 607128),
('123456789', 247418),
('123456789', 216155),
('123456789', 837406),
('123456789', 897268),
('123456789', 738591),
('123456789', 353441),
('123456789', 853738),
('123456789', 397059),
('123456789', 652240),
('123456789', 142110),
('123456789', 596726),
('123456789', 297699),
('123456789', 856000),
('123456789', 377845),
('123456789', 119633),
('123456789', 104584),
('123456789', 188285),
('123456789', 787581),
('123456789', 452329),
('123456789', 847744),
('123456789', 145122),
('123456789', 322123),
('123456789', 860264),
('123456789', 218034),
('123456789', 475620),
('123456789', 443273),
('123456789', 780284),
('123456789', 112499),
('123456789', 425096),
('123456789', 266737),
('123456789', 696652),
('123456789', 406028),
('123456789', 168130),
('123456789', 237211),
('123456789', 658639),
('123456789', 851996),
('123456789', 113166),
('123456789', 981790),
('123456789', 833111),
('123456789', 420490),
('123456789', 476022),
('123456789', 720621),
('123456789', 666297),
('123456789', 385453),
('123456789', 832788),
('123456789', 181461),
('123456789', 728196),
('123456789', 130162),
('123456789', 521887),
('123456789', 464662),
('123456789', 267024),
('123456789', 505633),
('123456789', 512138),
('123456789', 331585),
('123456789', 502529),
('123456789', 737708),
('123456789', 505904),
('123456789', 458847),
('123456789', 750590),
('123456789', 959448),
('123456789', 861485),
('123456789', 538065),
('123456789', 791857),
('123456789', 961863),
('123456789', 373367),
('123456789', 930246),
('123456789', 115985),
('123456789', 247013),
('123456789', 762364),
('123456789', 767629),
('890123456', 267024),
('234567890', 441084),
('789012345', 292080),
('456789012', 835275),
('890123456', 742985),
('901234567', 489524),
('901234567', 658932),
('789012345', 823476),
('789012345', 767629),
('901234567', 298193),
('789012345', 424649),
('789012345', 228840),
('456789012', 277690),
('890123456', 808431),
('456789012', 571900),
('890123456', 816145),
('890123456', 697291),
('234567890', 932611),
('789012345', 104584),
('890123456', 696652),
('789012345', 945683),
('890123456', 596726),
('789012345', 289996),
('789012345', 458847),
('456789012', 945683),
('456789012', 275227),
('789012345', 467425),
('789012345', 435267),
('456789012', 578289),
('456789012', 505904),
('901234567', 326160),
('901234567', 406028),
('890123456', 860657),
('234567890', 842394),
('901234567', 433326),
('234567890', 317590),
('456789012', 200544),
('456789012', 521923),
('789012345', 728069),
('890123456', 457559),
('789012345', 226177),
('901234567', 430527),
('456789012', 936388),
('234567890', 615634),
('901234567', 139376),
('890123456', 979800),
('789012345', 109303),
('789012345', 598634),
('789012345', 981184),
('456789012', 388842),
('890123456', 984333),
('890123456', 502529),
('901234567', 115985),
('901234567', 187218),
('789012345', 568910),
('890123456', 420050),
('456789012', 345512),
('789012345', 471837),
('890123456', 257698),
('789012345', 362155),
('901234567', 237830),
('456789012', 174316),
('456789012', 534104),
('901234567', 257698),
('456789012', 223780),
('789012345', 353441),
('234567890', 148791),
('890123456', 723296),
('456789012', 569767),
('901234567', 146145),
('789012345', 250671),
('789012345', 783629),
('456789012', 944959),
('890123456', 969744),
('901234567', 168130),
('890123456', 564375),
('890123456', 228765),
('789012345', 731803),
('901234567', 710834),
('234567890', 598634),
('789012345', 710834),
('901234567', 505904),
('234567890', 853738),
('901234567', 112779),
('234567890', 261492),
('901234567', 550355),
('456789012', 424649),
('456789012', 322441),
('901234567', 696652),
('901234567', 953062),
('890123456', 306290),
('234567890', 445723),
('789012345', 512138),
('901234567', 521923),
('901234567', 961863),
('234567890', 813356),
('789012345', 270608),
('234567890', 467217),
('234567890', 330352),
('901234567', 285874),
('901234567', 117994),
('234567890', 897847),
('789012345', 861412),
('890123456', 214769),
('901234567', 945683),
('890123456', 796872),
('789012345', 272893),
('789012345', 762311),
('456789012', 837406),
('890123456', 905840),
('234567890', 860657),
('234567890', 571900),
('901234567', 502529),
('456789012', 362155),
('234567890', 623709),
('456789012', 537731),
('234567890', 768363),
('789012345', 476022),
('234567890', 279753),
('456789012', 666297),
('456789012', 290689),
('890123456', 476022),
('890123456', 181665),
('789012345', 631831),
('456789012', 382223),
('456789012', 306290),
('456789012', 738591),
('789012345', 600230),
('901234567', 751983),
('901234567', 453427),
('456789012', 123431),
('890123456', 842394),
('456789012', 710114),
('234567890', 443255),
('234567890', 459403),
('234567890', 656704),
('456789012', 538065),
('901234567', 860264),
('890123456', 505904),
('789012345', 757417),
('456789012', 485730),
('901234567', 485730),
('901234567', 461227),
('456789012', 188530),
('456789012', 737826),
('789012345', 578289),
('901234567', 930246),
('890123456', 441084),
('890123456', 596432),
('456789012', 224779),
('456789012', 683857),
('890123456', 335368),
('234567890', 134450),
('234567890', 767629),
('456789012', 518737),
('789012345', 741957),
('456789012', 503538),
('901234567', 383593),
('890123456', 697694),
('901234567', 315997),
('789012345', 266737),
('890123456', 285884),
('901234567', 181665),
('456789012', 558234),
('456789012', 640940),
('789012345', 796199),
('901234567', 169582),
('456789012', 188285),
('234567890', 203610),
('901234567', 737708),
('234567890', 493167),
('234567890', 974795),
('901234567', 768200),
('789012345', 247008),
('890123456', 789943),
('901234567', 808431),
('789012345', 582595),
('234567890', 228840),
('890123456', 170232),
('234567890', 521923),
('234567890', 716667),
('901234567', 788357),
('234567890', 631677),
('234567890', 875405),
('789012345', 897268),
('890123456', 768200),
('901234567', 767607),
('234567890', 188530),
('890123456', 244578),
('456789012', 823476),
('456789012', 285884),
('789012345', 455515),
('890123456', 285874),
('234567890', 467425),
('789012345', 457559),
('901234567', 344552),
('789012345', 443273),
('456789012', 225572),
('234567890', 558234),
('456789012', 832788),
('890123456', 148791),
('890123456', 930246),
('789012345', 537731),
('456789012', 448257),
('456789012', 886441),
('890123456', 425096),
('234567890', 294993),
('234567890', 577442),
('234567890', 285884),
('789012345', 750590),
('890123456', 558234),
('456789012', 142110),
('456789012', 762364),
('234567890', 291474),
('456789012', 314877),
('890123456', 936388),
('456789012', 813356),
('890123456', 726629),
('789012345', 174316),
('789012345', 181665),
('901234567', 382685),
('789012345', 252293),
('890123456', 236261),
('901234567', 934121),
('456789012', 226177),
('890123456', 154692),
('789012345', 519628),
('901234567', 886215),
('234567890', 886215),
('234567890', 882802),
('456789012', 972952),
('890123456', 861412),
('456789012', 616147),
('901234567', 448257),
('890123456', 959448),
('789012345', 467217),
('890123456', 944959),
('901234567', 396052),
('901234567', 533157),
('890123456', 773912),
('890123456', 953062),
('901234567', 170232),
('456789012', 515156),
('890123456', 289528),
('234567890', 768336),
('456789012', 875356),
('789012345', 741362),
('901234567', 931795),
('890123456', 388842),
('890123456', 424649),
('234567890', 156078),
('789012345', 441084),
('789012345', 813356),
('789012345', 612521),
('901234567', 414117),
('890123456', 438761),
('456789012', 353441),
('789012345', 244578),
('789012345', 932611),
('234567890', 244806),
('901234567', 972952),
('789012345', 504823),
('234567890', 768200),
('901234567', 277690),
('456789012', 130162);



---------------------
-- Supplier
---------------------
INSERT INTO supplier
VALUES
('123456789', 'Tech Distributors', 'Rua da Liberdade 123 1000-001 Lisbon', 'A1B2C3D4', '2022/01/15'),
('987654321', 'Euro Electronics', 'Rua dos Lírios 310 2345-678 Évora', 'E5F6G7H8', '2022/02/05'),
('246813579', 'Tech Solutions', 'Avenida das Acácias 360 7890-123 Guarda', 'I9J0K1L2', '2022/03/20'),
('135792468', 'Global Gadgets', 'Largo dos Louros 370 8901-234 Vila Real', 'M3N4O5P6', '2022/04/10'),
('864209753', 'Mega Tech', 'Praça da Esperança 380 9012-345 Leiria', 'Q7R8S9T0', '2022/05/05'),
('370592864', 'Euro Gadgets', 'Praça dos Ipês 530 4567-890 Vila Real', 'U1V2W3G4', '2022/06/18'),
('519273846', 'Nordic Electronics', 'Travessa do Arco-Íris 540 5678-901 Leiria', 'Y5Z6A7B8', '2022/07/25'),
('672849153', 'Inovar Tech', 'Praça das Amendoeiras 860 7890-123 Portalegre', 'C9D0E1F2', '2022/08/14'),
('294753618', 'Smartech Solutions', 'Praça dos Plátanos 1000 1234-567 Matosinhos', 'G3H4I5J6', '2022/09/30'),
('618295743', 'Italia Electronica', 'Largo dos Carvalhos 990 0123-456 Santarém', 'K7L8M9N0', '2022/10/22'),
('837649521', 'Scandinavian Tech', 'Avenida das Magnólias 980 9012-345 Viseu', 'P1Q2R3S4', '2022/11/08'),
('452187396', 'Connectech', 'Rua dos Jacarandás 970 8901-234 Coimbra', 'T5U6V7W8', '2022/12/01'),
('197864325', 'Dutch Electronics', 'Travessa das Oliveiras 960 7890-123 Braga', 'X9Y0Z1A2', '2022/12/15'),
('526493178', 'Tech Empire', 'Praça das Glicínias 950 6789-012 Setúbal', 'B3C4D5E6', '2022/12/28'),
('318274965', 'Porto Tech', 'Rua do Carmo 789 4050-164 Porto', 'F7G8H9I0', '2022/12/31'),
('123456788', 'Global Solutions', 'Avenida da Liberdade 123 1000-200 Lisbon', 'J5K6L7M8', '2023/09/30'),
('234567897', 'ABC Corporation', 'Avenida dos Loureiros 940 5678-901 Lisbon', 'U1U2W3X4', '2023/05/26'),
('345678101', 'XYZ Enterprises', 'Largo das Cerejeiras 930 4567-890 Évora', 'Y5Z6A7B4', '2023/05/27'),
('456089012', 'PQR Ltd', 'Rua das Figueiras 920 3456-789 Porto', 'C5D6E7F8', '2023/05/28'),
('567898123', 'LMN Industries', 'Travessa dos Plátanos 910 2345-678 Leiria', 'G2H3I4J5', '2023/05/29'),
('978901234', 'UVW Corporation', 'Praça das Oliveira 900 1234-567 Vila Real', 'U1V2W3X4', '2023/05/30'),
('789012145', 'ABC Corporation', 'Avenida dos Cedros 890 0123-456 Aveiro', 'Y5Z6A7B1', '2023/05/31'),
('890123256', 'XYZ Enterprises', 'Rua das Magnólias 880 9012-345 Faro', 'C1D2E3F4', '2023/06/01'),
('901234367', 'PQR Ltd', 'Travessa dos Carvalhos 870 8901-234 Ponta Delgada (Açores)', 'G5H6I7J8', '2023/06/02'),
('012345978', 'LMN Industries', 'Praça das Amendoeiras 860 7890-123 Portalegre', 'K9L0M1N2', '2023/06/03'),
('123451089', 'UVW Corporation', 'Rua dos Cedros 850 6789-012 Castelo Branco', 'O3P4Q5R6', '2023/06/04'),
('234567890', 'ABC Corporation', 'Avenida das Glicínias 840 5678-901 Bragança', 'S7T8U9V0', '2023/06/05'),
('345678901', 'XYZ Enterprises', 'Largo dos Jacarandás 830 4567-890 Guarda', 'A1B2C3D6', '2023/06/06'),
('456789012', 'PQR Ltd', '3Travessa dos Choupos 820 3456-789 Viseu', 'E5F6G7H7', '2023/06/07'),
('567890123', 'LMN Industries', 'Praça dos Plátanos 810 2345-678 Matosinhos', 'I9J0K1L6', '2023/06/08'),
('678901234', 'UVW Corporation', 'Rua das Cerejeiras 800 1234-567 Santarém', 'K6L7M8N9', '2023/06/09'),
('789012345', 'ABC Corporation', 'Avenida dos Loureiros 790 0123-456 Setúbal', 'M3N4O5Y6', '2023/06/10'),
('890123456', 'XYZ Enterprises', 'Travessa das Oliveiras 780 9012-345 Lisboa', 'Q7R6S9T0', '2023/06/11'),
('901234567', 'PQR Ltd', 'Praça das Figueiras 770 8901-234 Évora', 'U172W3X4', '2023/06/12'),
('012345678', 'LMN Industries', 'Rua dos Carvalhos 760 7890-123 Porto', 'Y5Z6A7B6', '2023/06/13');

---------------------
-- Delivery
---------------------
INSERT INTO delivery
VALUES
('Avenida dos Pinheiros 456 4780-200 Trofa', '123456789'),
('Estrada da Maia 789 4470-110 Maia', '987654321'),
('Rua das Flores 987 4425-010 Gondomar', '246813579'),
('Avenida dos Carvalhos 321 4760-150 Vila Nova de Famalicão', '135792468'),
('Avenida dos Pinheiros 456 4780-200 Trofa', '864209753'),
('Estrada da Maia 789 4470-110 Maia', '370592864'),
('Rua das Flores 987 4425-010 Gondomar', '519273846'),
('Avenida dos Carvalhos 321 4760-150 Vila Nova de Famalicão', '672849153'),
('Avenida dos Pinheiros 456 4780-200 Trofa', '294753618'),
('Estrada da Maia 789 4470-110 Maia', '618295743'),
('Rua das Flores 987 4425-010 Gondomar', '837649521'),
('Avenida dos Carvalhos 321 4760-150 Vila Nova de Famalicão', '452187396'),
('Avenida dos Pinheiros 456 4780-200 Trofa', '197864325'),
('Estrada da Maia 789 4470-110 Maia', '526493178'),
('Rua das Flores 987 4425-010 Gondomar', '318274965');
